100,Hu-176,Human
100,Hu-177,Human
100,Pg-200,Pigeon
101,Hu-178,Human
101,Hu-179,Human
101,Hu-184,Human
101,Hu-185,Human
101,Hu-186,Human
101,Hu-187,Human
101,Pg-201,Pigeon
101,Pg-202,Pigeon
102,Pg-203,Pigeon
102,Pg-204,Pigeon
103,Hu-182,Human
103,Hu-183,Human
103,Pg-205,Pigeon
103,Pg-206,Pigeon
104,Pg-207,Pigeon
104,Pg-208,Pigeon
105,Pg-209,Pigeon
105,Pg-210,Pigeon
106,Hu-244,Human
106,Hu-245,Human
106,Hu-247,Human
106,Hu-248,Human
106,Pg-211,Pigeon
106,Pg-212,Pigeon
107,Hu-241,Human
107,Hu-242,Human
107,Pg-213,Pigeon
107,Pg-214,Pigeon
108,Hu-243,Human
10,Ck-019,Chicken
10,Ck-020,Chicken
10,Ct-013,Cat
10,Dg-013,Dog
10,Dg-014,Dog
10,Ho-019,Horse
10,Ho-020,Horse
10,Hu-033,Human
10,Hu-034,Human
10,Pg-019,Pigeon
10,Pg-020,Pigeon
10,Rt-060,Ground Squirrel
10,Rt-061,Ground Squirrel
10,Sp-019,Sheep
10,Sp-020,Sheep
10,Sw-057,Pig
10,Sw-058,Pig
10,Tk-019,Wild Turkey
10,Tk-020,Wild Turkey
11001,Cw-095,Cow
11001,Cw-096,Cow
11001,Cw-489,Cow
11001,Cw-490,Cow
11002,Cw-093,Cow
11002,Cw-094,Cow
11002,Cw-597,Cow
11002,Cw-598,Cow
11003,Cw-057,Cow
11003,Cw-058,Cow
11004,Cw-479,Cow
11006,Cw-101,Cow
11006,Cw-461,Cow
11006,Cw-462,Cow
11007,Cw-075,Cow
11007,Cw-076,Cow
11007,Cw-475,Cow
11007,Cw-476,Cow
11008,Cw-051,Cow
11008,Cw-052,Cow
11008,Cw-455,Cow
11008,Cw-456,Cow
11009,Cw-065,Cow
11009,Cw-066,Cow
11009,Cw-459,Cow
11009,Cw-460,Cow
11010,Cw-103,Cow
11010,Cw-104,Cow
11010,Cw-521,Cow
11010,Cw-522,Cow
11011,Cw-115,Cow
11011,Cw-116,Cow
11011,Cw-495,Cow
11011,Cw-496,Cow
11012,Cw-113,Cow
11012,Cw-114,Cow
11012,Cw-507,Cow
11012,Cw-508,Cow
11013,Cw-117,Cow
11013,Cw-118,Cow
11013,Cw-779,Cow
11013,Cw-780,Cow
11014,Cw-085,Cow
11014,Cw-086,Cow
11014,Cw-517,Cow
11014,Cw-518,Cow
11018,Cw-055,Cow
11018,Cw-056,Cow
11019,Cw-041,Cow
11019,Cw-042,Cow
11019,Cw-463,Cow
11019,Cw-464,Cow
11020,Cw-087,Cow
11020,Cw-088,Cow
11020,Cw-499,Cow
11020,Cw-500,Cow
11021,Cw-081,Cow
11021,Cw-082,Cow
11021,Cw-453,Cow
11022,Cw-070,Cow
11022,Cw-509,Cow
11022,Cw-510,Cow
11026,Cw-097,Cow
11026,Cw-098,Cow
11027,Cw-109,Cow
11027,Cw-110,Cow
11027,Cw-515,Cow
11027,Cw-516,Cow
11029,Cw-053,Cow
11029,Cw-054,Cow
11029,Cw-777,Cow
11029,Cw-778,Cow
11030,Cw-105,Cow
11030,Cw-487,Cow
11030,Cw-488,Cow
11031,Cw-061,Cow
11031,Cw-062,Cow
11031,Cw-491,Cow
11031,Cw-492,Cow
11032,Cw-091,Cow
11032,Cw-092,Cow
11032,Cw-477,Cow
11032,Cw-478,Cow
11033,Cw-385,Cow
11033,Cw-386,Cow
11033,Cw-467,Cow
11034,Cw-089,Cow
11034,Cw-090,Cow
11034,Cw-470,Cow
11035,Cw-073,Cow
11035,Cw-074,Cow
11035,Cw-465,Cow
11035,Cw-466,Cow
11036,Cw-047,Cow
11036,Cw-048,Cow
11036,Cw-457,Cow
11036,Cw-458,Cow
11037,Cw-111,Cow
11037,Cw-112,Cow
11037,Cw-493,Cow
11037,Cw-494,Cow
11038,Cw-119,Cow
11038,Cw-120,Cow
11038,Cw-501,Cow
11038,Cw-502,Cow
11039,Cw-063,Cow
11039,Cw-064,Cow
11039,Cw-505,Cow
11039,Cw-506,Cow
11040,Cw-107,Cow
11040,Cw-108,Cow
11040,Cw-471,Cow
11040,Cw-472,Cow
11041,Cw-083,Cow
11041,Cw-084,Cow
11041,Cw-785,Cow
11041,Cw-786,Cow
11042,Cw-071,Cow
11042,Cw-072,Cow
11042,Cw-497,Cow
11042,Cw-498,Cow
11043,Cw-045,Cow
11043,Cw-046,Cow
11043,Cw-519,Cow
11043,Cw-520,Cow
11044,Cw-079,Cow
11044,Cw-080,Cow
11044,Cw-783,Cow
11044,Cw-784,Cow
11045,Cw-043,Cow
11045,Cw-044,Cow
11045,Cw-473,Cow
11045,Cw-474,Cow
11046,Cw-077,Cow
11046,Cw-078,Cow
11046,Cw-483,Cow
11046,Cw-484,Cow
11046,Cw-513,Cow
11046,Cw-514,Cow
11047,Cw-067,Cow
11047,Cw-068,Cow
11047,Cw-481,Cow
11047,Cw-482,Cow
11048,Cw-049,Cow
11048,Cw-511,Cow
11048,Cw-512,Cow
11049,Cw-099,Cow
11049,Cw-100,Cow
11049,Cw-503,Cow
11049,Cw-504,Cow
11050,Cw-059,Cow
11050,Cw-060,Cow
11050,Cw-485,Cow
11050,Cw-486,Cow
11051,Cw-399,Cow
11051,Cw-400,Cow
11051,Cw-423,Cow
11051,Cw-424,Cow
11051,Cw-425,Cow
11051,Cw-426,Cow
11051,Cw-428,Cow
11051,Cw-429,Cow
11051,Cw-430,Cow
11051,Cw-431,Cow
11051,Cw-432,Cow
11051,Cw-433,Cow
11051,Cw-434,Cow
11051,Cw-436,Cow
11051,Cw-437,Cow
11051,Cw-438,Cow
11051,Cw-439,Cow
11051,Cw-440,Cow
11051,Cw-441,Cow
11051,Cw-442,Cow
11051,Cw-443,Cow
11051,Cw-445,Cow
11051,Cw-446,Cow
11051,Cw-447,Cow
11051,Cw-450,Cow
11051,Cw-452,Cow
11051,Cw-569,Cow
11051,Cw-570,Cow
11052,Cw-147,Cow
11052,Cw-148,Cow
11052,Cw-531,Cow
11052,Cw-532,Cow
11052,Cw-579,Cow
11052,Cw-580,Cow
11053,Cw-123,Cow
11053,Cw-124,Cow
11053,Cw-549,Cow
11053,Cw-550,Cow
11054,Cw-139,Cow
11054,Cw-140,Cow
11054,Cw-593,Cow
11055,Cw-159,Cow
11055,Cw-160,Cow
11055,Cw-541,Cow
11055,Cw-542,Cow
11056,Cw-169,Cow
11056,Cw-170,Cow
11056,Cw-527,Cow
11056,Cw-528,Cow
11057,Cw-557,Cow
11057,Cw-558,Cow
11058,Cw-173,Cow
11058,Cw-174,Cow
11058,Cw-539,Cow
11058,Cw-540,Cow
11059,Cw-581,Cow
11059,Cw-582,Cow
11060,Cw-151,Cow
11060,Cw-152,Cow
11060,Cw-523,Cow
11060,Cw-524,Cow
11061,Cw-141,Cow
11061,Cw-142,Cow
11061,Cw-553,Cow
11061,Cw-554,Cow
11062,Cw-191,Cow
11062,Cw-192,Cow
11062,Cw-555,Cow
11062,Cw-556,Cow
11063,Cw-178,Cow
11063,Cw-535,Cow
11063,Cw-536,Cow
11064,Cw-179,Cow
11064,Cw-181,Cow
11065,Cw-163,Cow
11065,Cw-164,Cow
11065,Cw-565,Cow
11065,Cw-566,Cow
11066,Cw-161,Cow
11067,Cw-129,Cow
11067,Cw-130,Cow
11067,Cw-551,Cow
11067,Cw-552,Cow
11068,Cw-183,Cow
11068,Cw-184,Cow
11068,Cw-559,Cow
11068,Cw-560,Cow
11069,Cw-135,Cow
11069,Cw-136,Cow
11069,Cw-537,Cow
11069,Cw-538,Cow
11070,Cw-171,Cow
11070,Cw-172,Cow
11070,Cw-577,Cow
11070,Cw-578,Cow
11071,Cw-137,Cow
11071,Cw-138,Cow
11072,Cw-180,Cow
11072,Cw-182,Cow
11072,Cw-573,Cow
11072,Cw-574,Cow
11073,Cw-175,Cow
11073,Cw-176,Cow
11073,Cw-587,Cow
11073,Cw-588,Cow
11074,Cw-127,Cow
11074,Cw-128,Cow
11074,Cw-547,Cow
11074,Cw-548,Cow
11075,Cw-145,Cow
11075,Cw-146,Cow
11076,Cw-131,Cow
11076,Cw-132,Cow
11076,Cw-543,Cow
11076,Cw-544,Cow
11077,Cw-143,Cow
11077,Cw-144,Cow
11077,Cw-771,Cow
11078,Cw-185,Cow
11078,Cw-186,Cow
11078,Cw-533,Cow
11078,Cw-534,Cow
11079,Cw-125,Cow
11079,Cw-126,Cow
11079,Cw-561,Cow
11079,Cw-562,Cow
11080,Cw-121,Cow
11080,Cw-545,Cow
11080,Cw-546,Cow
11081,Cw-187,Cow
11081,Cw-188,Cow
11081,Cw-583,Cow
11081,Cw-584,Cow
11082,Cw-133,Cow
11082,Cw-134,Cow
11082,Cw-589,Cow
11082,Cw-590,Cow
11083,Cw-157,Cow
11083,Cw-158,Cow
11083,Cw-575,Cow
11083,Cw-576,Cow
11084,Cw-167,Cow
11084,Cw-168,Cow
11084,Cw-585,Cow
11084,Cw-586,Cow
11085,Cw-155,Cow
11085,Cw-156,Cow
11085,Cw-591,Cow
11085,Cw-592,Cow
11086,Cw-165,Cow
11086,Cw-166,Cow
11086,Cw-595,Cow
11086,Cw-596,Cow
11087,Cw-189,Cow
11087,Cw-190,Cow
11087,Cw-567,Cow
11087,Cw-568,Cow
11088,Cw-397,Cow
11088,Cw-398,Cow
11088,Cw-529,Cow
11088,Cw-530,Cow
11089,Cw-153,Cow
11089,Cw-154,Cow
11089,Cw-525,Cow
11089,Cw-526,Cow
11090,Cw-149,Cow
11090,Cw-150,Cow
11090,Cw-571,Cow
11090,Cw-572,Cow
11101,Cw-303,Cow
11101,Cw-304,Cow
11101,Cw-681,Cow
11101,Cw-682,Cow
11102,Cw-283,Cow
11102,Cw-284,Cow
11103,Cw-287,Cow
11103,Cw-288,Cow
11103,Cw-699,Cow
11103,Cw-700,Cow
11104,Cw-297,Cow
11104,Cw-298,Cow
11105,Cw-289,Cow
11105,Cw-290,Cow
11105,Cw-675,Cow
11105,Cw-676,Cow
11106,Cw-321,Cow
11106,Cw-322,Cow
11106,Cw-695,Cow
11106,Cw-696,Cow
11107,Cw-317,Cow
11107,Cw-318,Cow
11107,Cw-693,Cow
11107,Cw-694,Cow
11108,Cw-389,Cow
11108,Cw-390,Cow
11108,Cw-703,Cow
11108,Cw-704,Cow
11109,Cw-315,Cow
11109,Cw-316,Cow
11109,Cw-767,Cow
11109,Cw-768,Cow
11110,Cw-276,Cow
11110,Cw-683,Cow
11110,Cw-684,Cow
11111,Cw-265,Cow
11111,Cw-266,Cow
11111,Cw-671,Cow
11112,Cw-295,Cow
11112,Cw-296,Cow
11113,Cw-687,Cow
11113,Cw-688,Cow
11114,Cw-279,Cow
11114,Cw-280,Cow
11115,Cw-677,Cow
11115,Cw-678,Cow
11116,Cw-285,Cow
11116,Cw-286,Cow
11116,Cw-669,Cow
11116,Cw-670,Cow
11117,Cw-707,Cow
11117,Cw-708,Cow
11118,Cw-305,Cow
11118,Cw-306,Cow
11119,Cw-273,Cow
11119,Cw-274,Cow
11119,Cw-691,Cow
11119,Cw-692,Cow
11120,Cw-281,Cow
11120,Cw-282,Cow
11120,Cw-689,Cow
11121,Cw-387,Cow
11121,Cw-388,Cow
11122,Cw-271,Cow
11122,Cw-272,Cow
11122,Cw-679,Cow
11122,Cw-680,Cow
11123,Cw-391,Cow
11123,Cw-392,Cow
11123,Cw-709,Cow
11123,Cw-710,Cow
11126,Cw-319,Cow
11126,Cw-320,Cow
11127,Cw-307,Cow
11127,Cw-308,Cow
11127,Cw-711,Cow
11127,Cw-712,Cow
11128,Cw-293,Cow
11128,Cw-294,Cow
11128,Cw-701,Cow
11128,Cw-702,Cow
11129,Cw-277,Cow
11129,Cw-278,Cow
11130,Cw-311,Cow
11130,Cw-312,Cow
11131,Cw-393,Cow
11131,Cw-394,Cow
11131,Cw-563,Cow
11131,Cw-564,Cow
11132,Cw-291,Cow
11132,Cw-292,Cow
11132,Cw-769,Cow
11132,Cw-770,Cow
11134,Cw-313,Cow
11134,Cw-314,Cow
11134,Cw-697,Cow
11134,Cw-698,Cow
11135,Cw-309,Cow
11135,Cw-310,Cow
11135,Cw-705,Cow
11135,Cw-706,Cow
11136,Cw-301,Cow
11136,Cw-302,Cow
11136,Cw-674,Cow
11145,Cw-299,Cow
11145,Cw-300,Cow
11146,Cw-269,Cow
11146,Cw-270,Cow
11146,Cw-685,Cow
11146,Cw-686,Cow
11147,Cw-267,Cow
11147,Cw-268,Cow
111,Hu-229,Human
111,Hu-230,Human
111,Hu-239,Human
111,Hu-240,Human
11201,Cw-255,Cow
11201,Cw-256,Cow
11201,Cw-605,Cow
11201,Cw-606,Cow
11202,Cw-223,Cow
11202,Cw-224,Cow
11202,Cw-613,Cow
11202,Cw-614,Cow
11203,Cw-235,Cow
11203,Cw-236,Cow
11203,Cw-645,Cow
11203,Cw-646,Cow
11204,Cw-217,Cow
11204,Cw-218,Cow
11204,Cw-781,Cow
11204,Cw-782,Cow
11205,Cw-257,Cow
11205,Cw-258,Cow
11205,Cw-623,Cow
11205,Cw-624,Cow
11206,Cw-225,Cow
11206,Cw-226,Cow
11206,Cw-609,Cow
11206,Cw-610,Cow
11207,Cw-233,Cow
11207,Cw-234,Cow
11207,Cw-627,Cow
11207,Cw-628,Cow
11208,Cw-251,Cow
11208,Cw-252,Cow
11208,Cw-607,Cow
11208,Cw-608,Cow
11209,Cw-195,Cow
11209,Cw-196,Cow
11209,Cw-604,Cow
11210,Cw-243,Cow
11210,Cw-244,Cow
11210,Cw-647,Cow
11210,Cw-648,Cow
11211,Cw-259,Cow
11211,Cw-260,Cow
11212,Cw-213,Cow
11212,Cw-214,Cow
11212,Cw-619,Cow
11212,Cw-620,Cow
11213,Cw-237,Cow
11213,Cw-238,Cow
11213,Cw-611,Cow
11213,Cw-612,Cow
11214,Cw-247,Cow
11214,Cw-248,Cow
11214,Cw-659,Cow
11214,Cw-660,Cow
11215,Cw-193,Cow
11215,Cw-194,Cow
11215,Cw-651,Cow
11215,Cw-652,Cow
11216,Cw-239,Cow
11216,Cw-241,Cow
11216,Cw-639,Cow
11216,Cw-640,Cow
11217,Cw-249,Cow
11217,Cw-250,Cow
11217,Cw-635,Cow
11217,Cw-636,Cow
11218,Cw-395,Cow
11218,Cw-396,Cow
11218,Cw-617,Cow
11218,Cw-618,Cow
11220,Cw-263,Cow
11220,Cw-264,Cow
11220,Cw-657,Cow
11220,Cw-658,Cow
11221,Cw-197,Cow
11221,Cw-198,Cow
11221,Cw-601,Cow
11221,Cw-602,Cow
11222,Cw-229,Cow
11222,Cw-230,Cow
11223,Cw-261,Cow
11223,Cw-262,Cow
11223,Cw-655,Cow
11223,Cw-656,Cow
11224,Cw-240,Cow
11224,Cw-242,Cow
11224,Cw-649,Cow
11224,Cw-650,Cow
11225,Cw-199,Cow
11225,Cw-200,Cow
11225,Cw-653,Cow
11225,Cw-654,Cow
11226,Cw-641,Cow
11226,Cw-642,Cow
11227,Cw-211,Cow
11227,Cw-212,Cow
11227,Cw-643,Cow
11227,Cw-644,Cow
11228,Cw-215,Cow
11228,Cw-216,Cow
11228,Cw-631,Cow
11228,Cw-632,Cow
11229,Cw-205,Cow
11229,Cw-206,Cow
11229,Cw-615,Cow
11229,Cw-616,Cow
11230,Cw-207,Cow
11230,Cw-208,Cow
11230,Cw-667,Cow
11230,Cw-668,Cow
11231,Cw-253,Cow
11231,Cw-254,Cow
11231,Cw-629,Cow
11231,Cw-630,Cow
11232,Cw-203,Cow
11232,Cw-204,Cow
11232,Cw-665,Cow
11232,Cw-666,Cow
11233,Cw-227,Cow
11233,Cw-228,Cow
11233,Cw-633,Cow
11233,Cw-634,Cow
11234,Cw-209,Cow
11234,Cw-210,Cow
11234,Cw-599,Cow
11234,Cw-600,Cow
11236,Cw-219,Cow
11236,Cw-220,Cow
11236,Cw-661,Cow
11236,Cw-662,Cow
11237,Cw-245,Cow
11237,Cw-246,Cow
11237,Cw-663,Cow
11237,Cw-664,Cow
11238,Cw-202,Cow
11238,Cw-621,Cow
11238,Cw-622,Cow
11239,Cw-221,Cow
11239,Cw-222,Cow
11239,Cw-637,Cow
11239,Cw-638,Cow
11240,Cw-231,Cow
11240,Cw-232,Cow
11240,Cw-625,Cow
11240,Cw-626,Cow
11251,Cw-357,Cow
11251,Cw-358,Cow
11251,Cw-775,Cow
11251,Cw-776,Cow
11252,Cw-379,Cow
11252,Cw-380,Cow
11252,Cw-759,Cow
11252,Cw-760,Cow
11253,Cw-333,Cow
11253,Cw-334,Cow
11253,Cw-773,Cow
11253,Cw-774,Cow
11254,Cw-337,Cow
11254,Cw-338,Cow
11254,Cw-743,Cow
11254,Cw-744,Cow
11255,Cw-353,Cow
11255,Cw-354,Cow
11255,Cw-765,Cow
11255,Cw-766,Cow
11256,Cw-325,Cow
11256,Cw-326,Cow
11256,Cw-713,Cow
11256,Cw-714,Cow
11257,Cw-335,Cow
11257,Cw-336,Cow
11257,Cw-737,Cow
11257,Cw-738,Cow
11258,Cw-339,Cow
11258,Cw-340,Cow
11258,Cw-755,Cow
11258,Cw-756,Cow
11259,Cw-361,Cow
11259,Cw-362,Cow
11259,Cw-745,Cow
11259,Cw-746,Cow
11260,Cw-341,Cow
11260,Cw-342,Cow
11260,Cw-739,Cow
11260,Cw-740,Cow
11276,Cw-375,Cow
11276,Cw-376,Cow
11277,Cw-369,Cow
11277,Cw-370,Cow
11278,Cw-363,Cow
11278,Cw-364,Cow
11278,Cw-747,Cow
11278,Cw-748,Cow
11279,Cw-329,Cow
11279,Cw-330,Cow
11279,Cw-741,Cow
11279,Cw-742,Cow
11280,Cw-373,Cow
11280,Cw-374,Cow
11280,Cw-763,Cow
11280,Cw-764,Cow
11281,Cw-345,Cow
11281,Cw-346,Cow
11281,Cw-719,Cow
11281,Cw-720,Cow
11282,Cw-331,Cow
11282,Cw-332,Cow
11282,Cw-723,Cow
11282,Cw-724,Cow
11283,Cw-377,Cow
11283,Cw-378,Cow
11283,Cw-735,Cow
11283,Cw-736,Cow
11284,Cw-347,Cow
11284,Cw-348,Cow
11284,Cw-717,Cow
11284,Cw-718,Cow
11285,Cw-733,Cow
11285,Cw-734,Cow
11287,Cw-381,Cow
11287,Cw-382,Cow
11287,Cw-715,Cow
11287,Cw-716,Cow
11288,Cw-351,Cow
11288,Cw-352,Cow
11289,Cw-343,Cow
11289,Cw-344,Cow
11289,Cw-761,Cow
11289,Cw-762,Cow
11290,Cw-371,Cow
11290,Cw-372,Cow
11290,Cw-751,Cow
11290,Cw-752,Cow
11291,Cw-349,Cow
11291,Cw-350,Cow
11291,Cw-725,Cow
11291,Cw-726,Cow
11294,Cw-355,Cow
11294,Cw-356,Cow
11294,Cw-757,Cow
11294,Cw-758,Cow
11295,Cw-323,Cow
11295,Cw-324,Cow
11295,Cw-727,Cow
11295,Cw-728,Cow
11296,Cw-367,Cow
11296,Cw-368,Cow
11296,Cw-749,Cow
11296,Cw-750,Cow
11297,Cw-327,Cow
11297,Cw-328,Cow
11297,Cw-753,Cow
11297,Cw-754,Cow
112,Hu-231,Human
112,Hu-232,Human
11318,Cw-359,Cow
11318,Cw-360,Cow
11318,Cw-731,Cow
11318,Cw-732,Cow
11359,Cw-383,Cow
11359,Cw-384,Cow
11359,Cw-729,Cow
11359,Cw-730,Cow
11360,Cw-365,Cow
11360,Cw-366,Cow
11360,Cw-721,Cow
11360,Cw-722,Cow
113,Hu-233,Human
113,Hu-234,Human
114,Hu-235,Human
114,Hu-236,Human
115,Hu-237,Human
115,Hu-238,Human
115,Hu-246,Human
116,Hu-465,Human
116,Hu-466,Human
117,Hu-467,Human
117,Hu-468,Human
11,Ck-021,Chicken
11,Ck-022,Chicken
11,Dg-015,Dog
11,Dg-016,Dog
11,Ho-021,Horse
11,Ho-022,Horse
11,Hu-035,Human
11,Pg-021,Pigeon
11,Pg-022,Pigeon
11,Rt-062,Ground Squirrel
11,Rt-063,Ground Squirrel
11,Rt-064,Ground Squirrel
11,Rt-065,Ground Squirrel
11,Rt-066,Ground Squirrel
11,Rt-067,Ground Squirrel
11,Rt-068,Ground Squirrel
11,Rt-069,Ground Squirrel
11,Rt-070,Ground Squirrel
11,Rt-071,Ground Squirrel
11,Rt-072,Ground Squirrel
11,Sp-021,Sheep
11,Sp-022,Sheep
11,Sw-059,Pig
11,Sw-060,Pig
11,Tk-021,Wild Turkey
11,Tk-022,Wild Turkey
12002,Cw-1059,Cow
12002,Cw-1060,Cow
12002,Cw-1529,Cow
12002,Cw-1530,Cow
12003,Cw-1061,Cow
12003,Cw-1062,Cow
12003,Cw-1213,Cow
12003,Cw-1214,Cow
12004,Cw-1063,Cow
12004,Cw-1064,Cow
12005,Cw-1163,Cow
12005,Cw-1164,Cow
12006,Cw-1086,Cow
12006,Cw-1169,Cow
12006,Cw-1170,Cow
12007,Cw-1087,Cow
12007,Cw-1088,Cow
12007,Cw-1181,Cow
12007,Cw-1182,Cow
12008,Cw-1089,Cow
12008,Cw-1203,Cow
12008,Cw-1204,Cow
12009,Cw-1091,Cow
12009,Cw-1092,Cow
12009,Cw-1191,Cow
12009,Cw-1192,Cow
12010,Cw-1093,Cow
12010,Cw-1094,Cow
12010,Cw-1531,Cow
12010,Cw-1532,Cow
12011,Cw-1183,Cow
12011,Cw-1184,Cow
12012,Cw-1095,Cow
12012,Cw-1096,Cow
12012,Cw-1205,Cow
12012,Cw-1206,Cow
12013,Cw-1109,Cow
12013,Cw-1110,Cow
12013,Cw-1161,Cow
12013,Cw-1162,Cow
12014,Cw-1173,Cow
12014,Cw-1174,Cow
12015,Cw-1187,Cow
12015,Cw-1188,Cow
12016,Cw-1215,Cow
12016,Cw-1216,Cow
12017,Cw-1097,Cow
12017,Cw-1098,Cow
12017,Cw-1548,Cow
12017,Cw-1549,Cow
12018,Cw-1099,Cow
12018,Cw-1100,Cow
12018,Cw-1185,Cow
12018,Cw-1186,Cow
12019,Cw-1101,Cow
12019,Cw-1102,Cow
12019,Cw-1179,Cow
12019,Cw-1180,Cow
12020,Cw-1103,Cow
12020,Cw-1104,Cow
12020,Cw-1175,Cow
12020,Cw-1176,Cow
12021,Cw-1105,Cow
12021,Cw-1106,Cow
12021,Cw-1189,Cow
12021,Cw-1190,Cow
12022,Cw-1107,Cow
12022,Cw-1108,Cow
12022,Cw-1165,Cow
12022,Cw-1166,Cow
12026,Cw-1035,Cow
12026,Cw-1036,Cow
12026,Cw-1209,Cow
12026,Cw-1210,Cow
12027,Cw-1037,Cow
12027,Cw-1038,Cow
12027,Cw-1199,Cow
12027,Cw-1200,Cow
12028,Cw-1211,Cow
12028,Cw-813,Cow
12028,Cw-814,Cow
12029,Cw-1197,Cow
12029,Cw-815,Cow
12029,Cw-816,Cow
12030,Cw-1195,Cow
12030,Cw-1196,Cow
12030,Cw-817,Cow
12030,Cw-818,Cow
12031,Cw-1208,Cow
12032,Cw-1065,Cow
12032,Cw-1066,Cow
12032,Cw-1171,Cow
12032,Cw-1172,Cow
12033,Cw-1067,Cow
12033,Cw-1068,Cow
12033,Cw-1193,Cow
12033,Cw-1194,Cow
12034,Cw-1069,Cow
12034,Cw-1070,Cow
12034,Cw-1393,Cow
12034,Cw-1394,Cow
12035,Cw-1167,Cow
12035,Cw-1168,Cow
12035,Cw-853,Cow
12035,Cw-854,Cow
12046,Cw-1001,Cow
12046,Cw-1002,Cow
12046,Cw-1177,Cow
12046,Cw-1178,Cow
12047,Cw-1003,Cow
12047,Cw-1004,Cow
12047,Cw-1201,Cow
12051,Cw-1249,Cow
12051,Cw-1250,Cow
12051,Cw-865,Cow
12051,Cw-866,Cow
12052,Cw-1533,Cow
12052,Cw-1534,Cow
12052,Cw-875,Cow
12052,Cw-876,Cow
12053,Cw-1023,Cow
12053,Cw-1024,Cow
12053,Cw-1245,Cow
12053,Cw-1246,Cow
12054,Cw-1025,Cow
12054,Cw-1217,Cow
12054,Cw-1218,Cow
12055,Cw-1027,Cow
12055,Cw-1028,Cow
12055,Cw-1229,Cow
12055,Cw-1230,Cow
12056,Cw-1029,Cow
12056,Cw-1030,Cow
12056,Cw-1259,Cow
12056,Cw-1260,Cow
12057,Cw-1031,Cow
12057,Cw-1032,Cow
12057,Cw-1233,Cow
12057,Cw-1234,Cow
12058,Cw-1033,Cow
12058,Cw-1034,Cow
12058,Cw-1223,Cow
12058,Cw-1224,Cow
12059,Cw-1253,Cow
12059,Cw-1254,Cow
12060,Cw-968,Cow
12061,Cw-1231,Cow
12061,Cw-1232,Cow
12061,Cw-969,Cow
12061,Cw-970,Cow
12062,Cw-1539,Cow
12062,Cw-1540,Cow
12062,Cw-971,Cow
12062,Cw-972,Cow
12063,Cw-1281,Cow
12063,Cw-1282,Cow
12063,Cw-973,Cow
12063,Cw-974,Cow
12064,Cw-1277,Cow
12064,Cw-1278,Cow
12064,Cw-975,Cow
12064,Cw-976,Cow
12065,Cw-1275,Cow
12065,Cw-1276,Cow
12065,Cw-977,Cow
12065,Cw-978,Cow
12066,Cw-1257,Cow
12066,Cw-1258,Cow
12066,Cw-979,Cow
12066,Cw-980,Cow
12067,Cw-1283,Cow
12067,Cw-1284,Cow
12067,Cw-981,Cow
12067,Cw-982,Cow
12068,Cw-1263,Cow
12068,Cw-1264,Cow
12068,Cw-983,Cow
12068,Cw-984,Cow
12069,Cw-1049,Cow
12069,Cw-1050,Cow
12069,Cw-1261,Cow
12069,Cw-1262,Cow
12070,Cw-1051,Cow
12070,Cw-1052,Cow
12070,Cw-1221,Cow
12070,Cw-1222,Cow
12071,Cw-1053,Cow
12071,Cw-1054,Cow
12071,Cw-1247,Cow
12071,Cw-1248,Cow
12072,Cw-1055,Cow
12072,Cw-1056,Cow
12072,Cw-1239,Cow
12072,Cw-1240,Cow
12073,Cw-1057,Cow
12073,Cw-1058,Cow
12073,Cw-1537,Cow
12073,Cw-1538,Cow
12074,Cw-1225,Cow
12074,Cw-1226,Cow
12074,Cw-819,Cow
12074,Cw-820,Cow
12075,Cw-1227,Cow
12075,Cw-987,Cow
12075,Cw-988,Cow
12076,Cw-1267,Cow
12076,Cw-1268,Cow
12076,Cw-989,Cow
12076,Cw-990,Cow
12077,Cw-1269,Cow
12077,Cw-1270,Cow
12077,Cw-991,Cow
12077,Cw-992,Cow
12078,Cw-1235,Cow
12078,Cw-1236,Cow
12078,Cw-993,Cow
12078,Cw-994,Cow
12079,Cw-1219,Cow
12079,Cw-1220,Cow
12079,Cw-995,Cow
12079,Cw-996,Cow
12080,Cw-1251,Cow
12080,Cw-1252,Cow
12080,Cw-997,Cow
12080,Cw-998,Cow
12081,Cw-1071,Cow
12081,Cw-1243,Cow
12081,Cw-1244,Cow
12082,Cw-1073,Cow
12082,Cw-1074,Cow
12082,Cw-1237,Cow
12082,Cw-1238,Cow
12083,Cw-1075,Cow
12083,Cw-1076,Cow
12083,Cw-1241,Cow
12083,Cw-1242,Cow
12084,Cw-1077,Cow
12084,Cw-1078,Cow
12084,Cw-1255,Cow
12084,Cw-1256,Cow
12085,Cw-1079,Cow
12085,Cw-1080,Cow
12085,Cw-1273,Cow
12085,Cw-1274,Cow
12086,Cw-1081,Cow
12086,Cw-1082,Cow
12086,Cw-1265,Cow
12086,Cw-1266,Cow
12087,Cw-1271,Cow
12087,Cw-1272,Cow
12087,Cw-847,Cow
12087,Cw-848,Cow
12088,Cw-1279,Cow
12088,Cw-1280,Cow
12101,Cw-1293,Cow
12101,Cw-1294,Cow
12101,Cw-878,Cow
12102,Cw-1299,Cow
12102,Cw-1300,Cow
12102,Cw-879,Cow
12102,Cw-880,Cow
12103,Cw-1341,Cow
12103,Cw-1342,Cow
12104,Cw-1335,Cow
12104,Cw-1336,Cow
12104,Cw-883,Cow
12104,Cw-884,Cow
12105,Cw-1317,Cow
12105,Cw-1318,Cow
12105,Cw-885,Cow
12106,Cw-1325,Cow
12106,Cw-1326,Cow
12107,Cw-1329,Cow
12107,Cw-1330,Cow
12107,Cw-893,Cow
12107,Cw-894,Cow
12108,Cw-1321,Cow
12108,Cw-1322,Cow
12108,Cw-895,Cow
12108,Cw-896,Cow
12109,Cw-1343,Cow
12109,Cw-1344,Cow
12109,Cw-897,Cow
12109,Cw-898,Cow
12110,Cw-1349,Cow
12110,Cw-1350,Cow
12111,Cw-1333,Cow
12111,Cw-1334,Cow
12111,Cw-801,Cow
12111,Cw-802,Cow
12112,Cw-1541,Cow
12112,Cw-1542,Cow
12112,Cw-803,Cow
12112,Cw-804,Cow
12113,Cw-1327,Cow
12113,Cw-1328,Cow
12113,Cw-805,Cow
12113,Cw-806,Cow
12114,Cw-1339,Cow
12114,Cw-1340,Cow
12114,Cw-807,Cow
12115,Cw-1306,Cow
12115,Cw-809,Cow
12115,Cw-810,Cow
12116,Cw-1289,Cow
12116,Cw-1290,Cow
12116,Cw-812,Cow
12117,Cw-1298,Cow
12117,Cw-789,Cow
12117,Cw-790,Cow
12118,Cw-1347,Cow
12118,Cw-1348,Cow
12118,Cw-791,Cow
12118,Cw-792,Cow
12119,Cw-793,Cow
12119,Cw-794,Cow
12120,Cw-1543,Cow
12120,Cw-1544,Cow
12120,Cw-795,Cow
12121,Cw-1323,Cow
12121,Cw-1324,Cow
12121,Cw-787,Cow
12121,Cw-788,Cow
12122,Cw-1285,Cow
12122,Cw-1286,Cow
12122,Cw-797,Cow
12122,Cw-798,Cow
12123,Cw-1337,Cow
12123,Cw-1338,Cow
12123,Cw-799,Cow
12123,Cw-800,Cow
12124,Cw-1039,Cow
12124,Cw-1040,Cow
12124,Cw-1345,Cow
12124,Cw-1346,Cow
12125,Cw-1041,Cow
12125,Cw-1042,Cow
12125,Cw-1331,Cow
12125,Cw-1332,Cow
12126,Cw-1043,Cow
12126,Cw-1044,Cow
12126,Cw-1295,Cow
12126,Cw-1296,Cow
12127,Cw-1045,Cow
12127,Cw-1046,Cow
12127,Cw-1319,Cow
12127,Cw-1320,Cow
12128,Cw-1047,Cow
12128,Cw-1048,Cow
12128,Cw-1311,Cow
12128,Cw-1312,Cow
12129,Cw-1005,Cow
12129,Cw-1006,Cow
12129,Cw-1288,Cow
12130,Cw-1007,Cow
12130,Cw-1008,Cow
12130,Cw-1313,Cow
12130,Cw-1314,Cow
12131,Cw-1009,Cow
12131,Cw-1010,Cow
12131,Cw-1301,Cow
12132,Cw-1011,Cow
12132,Cw-1012,Cow
12132,Cw-1351,Cow
12132,Cw-1352,Cow
12133,Cw-1013,Cow
12133,Cw-1014,Cow
12133,Cw-1303,Cow
12133,Cw-1304,Cow
12134,Cw-1015,Cow
12134,Cw-1016,Cow
12134,Cw-1315,Cow
12134,Cw-1316,Cow
12135,Cw-1017,Cow
12135,Cw-1018,Cow
12135,Cw-1307,Cow
12136,Cw-1019,Cow
12136,Cw-1020,Cow
12136,Cw-1291,Cow
12136,Cw-1292,Cow
12152,Cw-849,Cow
12152,Cw-850,Cow
12153,Cw-821,Cow
12153,Cw-822,Cow
12154,Cw-823,Cow
12154,Cw-824,Cow
12155,Cw-1021,Cow
12155,Cw-1022,Cow
12155,Cw-1396,Cow
12156,Cw-1083,Cow
12156,Cw-1084,Cow
12156,Cw-1400,Cow
12157,Cw-1404,Cow
12157,Cw-855,Cow
12157,Cw-856,Cow
12158,Cw-1545,Cow
12158,Cw-857,Cow
12158,Cw-858,Cow
12162,Cw-1381,Cow
12162,Cw-825,Cow
12162,Cw-826,Cow
12163,Cw-1546,Cow
12163,Cw-1547,Cow
12163,Cw-827,Cow
12163,Cw-828,Cow
12164,Cw-1411,Cow
12164,Cw-1412,Cow
12164,Cw-829,Cow
12164,Cw-830,Cow
12165,Cw-1389,Cow
12165,Cw-831,Cow
12167,Cw-1391,Cow
12167,Cw-1392,Cow
12167,Cw-887,Cow
12167,Cw-888,Cow
12168,Cw-1365,Cow
12168,Cw-1366,Cow
12169,Cw-1387,Cow
12169,Cw-1388,Cow
12169,Cw-835,Cow
12169,Cw-836,Cow
12170,Cw-1409,Cow
12170,Cw-1410,Cow
12170,Cw-837,Cow
12170,Cw-838,Cow
12171,Cw-1353,Cow
12171,Cw-1354,Cow
12171,Cw-839,Cow
12171,Cw-840,Cow
12172,Cw-1373,Cow
12172,Cw-1374,Cow
12172,Cw-843,Cow
12172,Cw-844,Cow
12173,Cw-1380,Cow
12174,Cw-842,Cow
12175,Cw-1111,Cow
12175,Cw-1112,Cow
12175,Cw-1371,Cow
12175,Cw-1372,Cow
12176,Cw-1159,Cow
12176,Cw-1160,Cow
12176,Cw-1383,Cow
12176,Cw-1384,Cow
12177,Cw-1113,Cow
12177,Cw-1114,Cow
12177,Cw-1415,Cow
12177,Cw-1416,Cow
12178,Cw-1115,Cow
12178,Cw-1116,Cow
12178,Cw-1362,Cow
12179,Cw-1117,Cow
12179,Cw-1118,Cow
12179,Cw-1369,Cow
12179,Cw-1370,Cow
12180,Cw-1119,Cow
12180,Cw-1120,Cow
12180,Cw-1357,Cow
12180,Cw-1358,Cow
12181,Cw-1121,Cow
12181,Cw-1122,Cow
12181,Cw-1375,Cow
12181,Cw-1376,Cow
12182,Cw-1123,Cow
12182,Cw-1124,Cow
12182,Cw-1407,Cow
12182,Cw-1408,Cow
12183,Cw-1125,Cow
12183,Cw-1126,Cow
12184,Cw-1127,Cow
12184,Cw-1128,Cow
12184,Cw-1363,Cow
12184,Cw-1364,Cow
12185,Cw-1129,Cow
12185,Cw-1130,Cow
12185,Cw-1355,Cow
12185,Cw-1356,Cow
12186,Cw-1131,Cow
12186,Cw-1132,Cow
12186,Cw-1386,Cow
12187,Cw-1359,Cow
12187,Cw-1360,Cow
12188,Cw-1405,Cow
12188,Cw-1406,Cow
12188,Cw-899,Cow
12188,Cw-900,Cow
12189,Cw-1377,Cow
12189,Cw-1378,Cow
12189,Cw-901,Cow
12189,Cw-902,Cow
12190,Cw-1401,Cow
12190,Cw-1402,Cow
12190,Cw-919,Cow
12190,Cw-920,Cow
12191,Cw-1413,Cow
12191,Cw-1414,Cow
12191,Cw-903,Cow
12191,Cw-904,Cow
12192,Cw-1367,Cow
12192,Cw-1368,Cow
12192,Cw-905,Cow
12192,Cw-906,Cow
12202,Cw-1440,Cow
12203,Cw-1464,Cow
12203,Cw-851,Cow
12203,Cw-852,Cow
12204,Cw-1461,Cow
12204,Cw-1462,Cow
12204,Cw-845,Cow
12204,Cw-846,Cow
12215,Cw-1138,Cow
12215,Cw-1435,Cow
12215,Cw-1436,Cow
12216,Cw-1139,Cow
12216,Cw-1140,Cow
12216,Cw-1429,Cow
12217,Cw-1133,Cow
12217,Cw-1134,Cow
12217,Cw-1449,Cow
12217,Cw-1450,Cow
12218,Cw-1135,Cow
12218,Cw-1136,Cow
12218,Cw-1437,Cow
12219,Cw-1141,Cow
12219,Cw-1142,Cow
12219,Cw-1417,Cow
12219,Cw-1418,Cow
12220,Cw-1143,Cow
12220,Cw-1144,Cow
12220,Cw-1427,Cow
12220,Cw-1428,Cow
12221,Cw-1145,Cow
12221,Cw-1146,Cow
12221,Cw-1425,Cow
12221,Cw-1426,Cow
12222,Cw-1147,Cow
12222,Cw-1148,Cow
12222,Cw-1421,Cow
12222,Cw-1422,Cow
12223,Cw-1149,Cow
12223,Cw-1150,Cow
12223,Cw-1457,Cow
12223,Cw-1458,Cow
12224,Cw-1151,Cow
12224,Cw-1152,Cow
12224,Cw-1445,Cow
12225,Cw-1153,Cow
12225,Cw-1154,Cow
12225,Cw-1423,Cow
12225,Cw-1424,Cow
12226,Cw-1155,Cow
12226,Cw-1156,Cow
12226,Cw-1451,Cow
12226,Cw-1452,Cow
12227,Cw-1157,Cow
12227,Cw-1158,Cow
12227,Cw-1455,Cow
12227,Cw-1456,Cow
12228,Cw-1000,Cow
12228,Cw-1447,Cow
12228,Cw-1448,Cow
12228,Cw-999,Cow
12230,Cw-1459,Cow
12230,Cw-1460,Cow
12230,Cw-891,Cow
12231,Cw-1444,Cow
12231,Cw-859,Cow
12231,Cw-860,Cow
12232,Cw-861,Cow
12232,Cw-862,Cow
12233,Cw-1431,Cow
12233,Cw-1432,Cow
12233,Cw-863,Cow
12233,Cw-864,Cow
12234,Cw-1441,Cow
12234,Cw-1442,Cow
12234,Cw-889,Cow
12245,Cw-1419,Cow
12245,Cw-1420,Cow
12245,Cw-867,Cow
12245,Cw-868,Cow
12246,Cw-1465,Cow
12246,Cw-1466,Cow
12246,Cw-869,Cow
12246,Cw-870,Cow
12247,Cw-1433,Cow
12247,Cw-1434,Cow
12247,Cw-871,Cow
12247,Cw-872,Cow
12248,Cw-1453,Cow
12248,Cw-1454,Cow
12248,Cw-873,Cow
12248,Cw-874,Cow
12251,Cw-1479,Cow
12251,Cw-1480,Cow
12251,Cw-921,Cow
12251,Cw-922,Cow
12252,Cw-1521,Cow
12252,Cw-1522,Cow
12252,Cw-923,Cow
12252,Cw-924,Cow
12253,Cw-1519,Cow
12253,Cw-1520,Cow
12253,Cw-925,Cow
12253,Cw-926,Cow
12254,Cw-1515,Cow
12254,Cw-1516,Cow
12254,Cw-927,Cow
12254,Cw-928,Cow
12255,Cw-1477,Cow
12255,Cw-1478,Cow
12255,Cw-929,Cow
12255,Cw-930,Cow
12256,Cw-1469,Cow
12256,Cw-1470,Cow
12256,Cw-931,Cow
12257,Cw-1513,Cow
12257,Cw-1514,Cow
12257,Cw-933,Cow
12257,Cw-934,Cow
12258,Cw-1525,Cow
12258,Cw-1526,Cow
12258,Cw-939,Cow
12258,Cw-940,Cow
12259,Cw-1501,Cow
12259,Cw-1502,Cow
12259,Cw-941,Cow
12259,Cw-942,Cow
12260,Cw-1503,Cow
12260,Cw-1504,Cow
12260,Cw-943,Cow
12260,Cw-944,Cow
12261,Cw-1481,Cow
12261,Cw-1482,Cow
12261,Cw-936,Cow
12262,Cw-1507,Cow
12262,Cw-1508,Cow
12262,Cw-937,Cow
12262,Cw-938,Cow
12263,Cw-1475,Cow
12263,Cw-1476,Cow
12263,Cw-985,Cow
12263,Cw-986,Cow
12264,Cw-1471,Cow
12264,Cw-1472,Cow
12264,Cw-945,Cow
12264,Cw-946,Cow
12265,Cw-1509,Cow
12265,Cw-1510,Cow
12265,Cw-947,Cow
12265,Cw-948,Cow
12266,Cw-1499,Cow
12266,Cw-1500,Cow
12267,Cw-1511,Cow
12267,Cw-1512,Cow
12267,Cw-949,Cow
12267,Cw-950,Cow
12268,Cw-1487,Cow
12268,Cw-1488,Cow
12268,Cw-951,Cow
12268,Cw-952,Cow
12269,Cw-1505,Cow
12269,Cw-1506,Cow
12269,Cw-953,Cow
12269,Cw-954,Cow
12270,Cw-1473,Cow
12270,Cw-1474,Cow
12270,Cw-955,Cow
12270,Cw-956,Cow
12271,Cw-1527,Cow
12271,Cw-1528,Cow
12272,Cw-1535,Cow
12272,Cw-1536,Cow
12272,Cw-907,Cow
12272,Cw-908,Cow
12273,Cw-1489,Cow
12273,Cw-1490,Cow
12273,Cw-909,Cow
12273,Cw-910,Cow
12274,Cw-1517,Cow
12274,Cw-1518,Cow
12274,Cw-911,Cow
12274,Cw-912,Cow
12275,Cw-1495,Cow
12275,Cw-1496,Cow
12276,Cw-1497,Cow
12276,Cw-1498,Cow
12276,Cw-957,Cow
12276,Cw-958,Cow
12277,Cw-1486,Cow
12277,Cw-959,Cow
12277,Cw-960,Cow
12278,Cw-961,Cow
12278,Cw-962,Cow
12279,Cw-1491,Cow
12279,Cw-1492,Cow
12279,Cw-963,Cow
12279,Cw-964,Cow
12280,Cw-1483,Cow
12280,Cw-1484,Cow
12280,Cw-965,Cow
12280,Cw-966,Cow
12281,Cw-1467,Cow
12281,Cw-1468,Cow
12281,Cw-916,Cow
12282,Cw-1493,Cow
12282,Cw-1494,Cow
12282,Cw-917,Cow
12282,Cw-918,Cow
12285,Cw-1523,Cow
12285,Cw-1524,Cow
12285,Cw-913,Cow
12285,Cw-914,Cow
126,Hu-1573,Human
127,Hu-1574,Human
127,Hu-1575,Human
128,Hu-1576,Human
128,Hu-1577,Human
129,Hu-1578,Human
129,Hu-1579,Human
12,Ck-023,Chicken
12,Ck-024,Chicken
12,Ct-016,Cat
12,Dg-017,Dog
12,Dg-018,Dog
12,Ho-023,Horse
12,Ho-024,Horse
12,Hu-036,Human
12,Hu-037,Human
12,Pg-023,Pigeon
12,Pg-024,Pigeon
12,Rt-073,Ground Squirrel
12,Rt-074,Ground Squirrel
12,Rt-075,Ground Squirrel
12,Rt-076,Ground Squirrel
12,Rt-077,Ground Squirrel
12,Rt-078,Ground Squirrel
12,Rt-079,Ground Squirrel
12,Rt-080,Ground Squirrel
12,Rt-081,Ground Squirrel
12,Rt-082,Ground Squirrel
12,Sp-023,Sheep
12,Sp-024,Sheep
12,Sw-061,Pig
12,Sw-062,Pig
12,Tk-023,Wild Turkey
12,Tk-024,Wild Turkey
130,Hu-1580,Human
131,Hu-1582,Human
131,Hu-1583,Human
13254,Hu-1847,Human
13254,Hu-1848,Human
13283-13287,Pp-121,Cow
13283-13287,Pp-122,Cow
13283-13287,Pp-123,Cow
13283-13287,Pp-124,Cow
13283-13287,Pp-125,Cow
13283-13287,Pp-126,Cow
13283-13287,Pp-127,Cow
13283-13287,Pp-128,Cow
13283-13287,Pp-129,Cow
13283-13287,Pp-130,Cow
13283-13287,Pp-131,Cow
13283-13287,Pp-132,Cow
13283-13287,Pp-133,Cow
13283-13287,Pp-134,Cow
13283-13287,Pp-135,Cow
13283-13287,Pp-136,Cow
13283-13287,Pp-137,Cow
13283-13287,Pp-138,Cow
13283-13287,Pp-139,Cow
13283-13287,Pp-140,Cow
13283-13287,Pp-141,Cow
13283-13287,Pp-142,Cow
13283-13287,Pp-143,Cow
13283-13287,Pp-144,Cow
13283-13287,Pp-145,Cow
13283-13287,Pp-146,Cow
13283-13287,Pp-147,Cow
13283-13287,Pp-148,Cow
13283-13287,Pp-149,Cow
13283-13287,Pp-150,Cow
13283,Cw-1550,Cow
13283,Cw-1551,Cow
13284,Cw-1552,Cow
13284,Cw-1553,Cow
13285,Cw-1554,Cow
13285,Cw-1555,Cow
13286,Cw-1556,Cow
13286,Cw-1557,Cow
13287,Cw-1558,Cow
13287,Cw-1559,Cow
13392,Cw-1569,Cow
13392,Cw-1570,Cow
13392,Cw-1571,Cow
13392,Cw-1572,Cow
13392,Cw-1573,Cow
13392,Cw-1574,Cow
13392,Cw-1575,Cow
13392,Cw-1576,Cow
13392,Cw-1577,Cow
13392,Cw-1578,Cow
13392,Cw-1579,Cow
13392,Cw-1580,Cow
13392,Cw-1581,Cow
13392,Cw-1582,Cow
13392,Cw-1583,Cow
13392,Cw-1584,Cow
13392,Cw-1585,Cow
13392,Cw-1586,Cow
13392,Cw-1587,Cow
13392,Cw-1588,Cow
13392,Cw-1589,Cow
13392,Cw-1624,Cow
13392,Cw-1625,Cow
13392,Cw-1626,Cow
13392,Cw-1627,Cow
13392,Cw-1628,Cow
13392,Cw-1629,Cow
13392,Cw-1630,Cow
13392,Cw-1631,Cow
13392,Cw-1632,Cow
13392,Cw-1633,Cow
13392,Cw-1634,Cow
13392,Cw-1635,Cow
13392,Cw-1636,Cow
13392,Cw-1637,Cow
13392,Cw-1638,Cow
13392,Cw-1639,Cow
13392,Cw-1640,Cow
13392,Cw-1641,Cow
13392,Cw-1642,Cow
13392,Cw-1643,Cow
13392,Cw-1644,Cow
13392,Cw-1645,Cow
13392,Cw-1646,Cow
13392,Cw-1647,Cow
13392,Cw-1648,Cow
13392,Cw-1649,Cow
13392,Cw-1650,Cow
13392,Cw-1651,Cow
13392,Cw-1652,Cow
13392,Cw-1653,Cow
13392,Cw-1654,Cow
13392,Cw-1655,Cow
13392,Cw-1656,Cow
13392,Cw-1657,Cow
13392,Cw-1658,Cow
13392,Cw-1659,Cow
13392,Cw-1660,Cow
13392,Cw-1661,Cow
13392,Cw-1662,Cow
13392,Cw-1663,Cow
13392,Cw-1664,Cow
13392,Cw-1665,Cow
13392,Cw-1666,Cow
13392,Cw-1667,Cow
13392,Cw-1668,Cow
13392,Cw-1669,Cow
13392,Cw-1670,Cow
13392,Cw-1671,Cow
13392,Cw-1672,Cow
13392,Cw-1673,Cow
13392,Cw-1674,Cow
13392,Cw-1675,Cow
13392,Cw-1676,Cow
13392,Cw-1677,Cow
13392,Cw-1678,Cow
13392,Cw-1679,Cow
13392,Cw-1680,Cow
13392,Cw-1681,Cow
13392,Cw-1682,Cow
13392,Cw-1683,Cow
13392,Cw-1684,Cow
13392,Cw-1685,Cow
13392,Cw-1686,Cow
13392,Cw-1688,Cow
13392,Cw-1689,Cow
13392,Cw-1755,Cow
13392,Cw-1756,Cow
13392,Cw-1757,Cow
13392,Cw-1758,Cow
13392,Cw-1759,Cow
13392,Cw-1760,Cow
13392,Cw-1761,Cow
13392,Cw-1762,Cow
13392,Cw-1763,Cow
13392,Cw-1764,Cow
13392,Cw-1765,Cow
13392,Cw-1788,Cow
13392,Cw-1789,Cow
13392,Cw-1790,Cow
13392,Cw-1791,Cow
13392,Cw-1792,Cow
13392,Cw-1793,Cow
13392,Cw-1794,Cow
13392,Cw-1795,Cow
13392,Cw-1796,Cow
13392,Cw-1797,Cow
13392,Cw-1798,Cow
13392,Cw-1799,Cow
13392,Cw-1800,Cow
13392,Cw-1801,Cow
13392,Cw-1802,Cow
13392,Cw-1803,Cow
13392,Cw-1804,Cow
13392,Cw-1805,Cow
13392,Cw-1806,Cow
13392,Cw-1807,Cow
13392,Cw-1808,Cow
13392,Cw-1809,Cow
13392,Cw-1810,Cow
13392,Cw-1811,Cow
13392,Cw-1812,Cow
13392,Cw-1813,Cow
13392,Cw-1814,Cow
13392,Cw-1815,Cow
13392,Cw-1816,Cow
13392,Cw-1817,Cow
13392,Cw-1818,Cow
13392,Cw-1819,Cow
13392,Cw-1820,Cow
13392,Cw-1821,Cow
13392,Cw-1822,Cow
13392,Cw-1823,Cow
13392,Cw-1824,Cow
13392,Cw-1825,Cow
13392,Cw-1826,Cow
13392,Cw-1827,Cow
13392,Cw-1828,Cow
13392,Cw-1829,Cow
13392,Cw-1830,Cow
13392,Cw-1831,Cow
13392,Cw-1832,Cow
13392,Cw-1833,Cow
13392,Cw-1834,Cow
13392,Cw-1835,Cow
13392,Cw-1836,Cow
13392,Cw-1837,Cow
13392,Cw-1838,Cow
13392,Cw-1839,Cow
13392,Cw-1840,Cow
13392,Cw-1841,Cow
13392,Cw-1842,Cow
13392,Cw-1843,Cow
13392,Cw-1844,Cow
13392,Cw-1845,Cow
13392,Cw-1846,Cow
13392,Cw-1847,Cow
13392,Cw-1848,Cow
13392,Cw-1849,Cow
13392,Cw-1850,Cow
13392,Cw-1851,Cow
13392,Cw-1852,Cow
13392,Cw-1853,Cow
13392,Cw-1854,Cow
13392,Cw-1855,Cow
13392,Cw-1856,Cow
13392,Cw-1857,Cow
13392,Cw-1859,Cow
13392,Cw-1860,Cow
13392,Cw-1861,Cow
13392,Cw-1862,Cow
13392,Cw-1863,Cow
13392,Cw-1864,Cow
13392,Cw-1865,Cow
13392,Cw-1866,Cow
13392,Cw-1867,Cow
13392,CW-1868,Cow
13392,Cw-1869,Cow
13392,Cw-1870,Cow
13392,Cw-1871,Cow
13392,Cw-1874,Cow
13392,Cw-1875,Cow
13392,Cw-1876,Cow
13392,Cw-1877,Cow
13392,Cw-1879,Cow
13392,Cw-1880,Cow
13392,Cw-1881,Cow
13392,Cw-1882,Cow
133,Hu-1586,Human
133,Hu-1587,Human
13468,Cw-1560,Cow
13468,Cw-1562,Cow
13468,Cw-1563,Cow
13468,Cw-1564,Cow
13468,Cw-1565,Cow
13468,Cw-1566,Cow
13468,Cw-1590,Cow
13468,Cw-1591,Cow
13468,Cw-1592,Cow
13468,Cw-1593,Cow
13468,Cw-1595,Cow
13468,Cw-1598,Cow
13468,Cw-1599,Cow
13468,Cw-1600,Cow
13468,Cw-1601,Cow
13468,Cw-1602,Cow
13468,Cw-1603,Cow
13468,Cw-1604,Cow
13468,Cw-1605,Cow
13468,Cw-1606,Cow
13468,Cw-1607,Cow
13468,Cw-1608,Cow
13468,Cw-1609,Cow
13468,Cw-1610,Cow
13468,Cw-1611,Cow
13468,Cw-1614,Cow
13468,Cw-1616,Cow
13468,Cw-1617,Cow
13468,Cw-1619,Cow
13468,Cw-1692,Cow
13468,Cw-1694,Cow
13468,Cw-1695,Cow
13468,Cw-1696,Cow
13468,Cw-1697,Cow
13468,Cw-1698,Cow
13468,Cw-1699,Cow
13468,Cw-1700,Cow
13468,Cw-1701,Cow
13468,Cw-1702,Cow
13468,Cw-1703,Cow
13468,Cw-1704,Cow
13468,Cw-1705,Cow
13468,Cw-1706,Cow
13468,Cw-1707,Cow
13468,Cw-1708,Cow
13468,Cw-1709,Cow
13468,Cw-1710,Cow
13468,Cw-1711,Cow
13468,Cw-1712,Cow
13468,Cw-1713,Cow
13468,Cw-1714,Cow
13468,Cw-1715,Cow
13468,Cw-1716,Cow
13468,Cw-1717,Cow
13468,Cw-1718,Cow
13468,Cw-1719,Cow
13468,Cw-1720,Cow
13468,Cw-1721,Cow
13468,Cw-1722,Cow
13468,Cw-1723,Cow
13468,Cw-1724,Cow
13468,Cw-1725,Cow
13468,Cw-1726,Cow
13468,Cw-1727,Cow
13468,Cw-1728,Cow
13468,Cw-1729,Cow
13468,Cw-1730,Cow
13468,Cw-1731,Cow
13468,Cw-1732,Cow
13468,Cw-1733,Cow
13468,Cw-1734,Cow
13468,Cw-1735,Cow
13468,Cw-1736,Cow
13468,Cw-1737,Cow
13468,Cw-1738,Cow
13468,Cw-1739,Cow
13468,Cw-1740,Cow
13468,Cw-1741,Cow
13468,Cw-1742,Cow
13468,Cw-1743,Cow
13468,Cw-1744,Cow
13468,Cw-1745,Cow
13468,Cw-1746,Cow
13468,Cw-1747,Cow
13468,Cw-1748,Cow
13468,Cw-1749,Cow
13468,Cw-1750,Cow
13468,Cw-1751,Cow
13468,Cw-1752,Cow
13468,Cw-1753,Cow
13468,Cw-1754,Cow
13468,Cw-1766,Cow
13468,Cw-1767,Cow
13468,Cw-1768,Cow
13468,Cw-1770,Cow
13468,Cw-1771,Cow
13468,Cw-1772,Cow
13468,Cw-1773,Cow
13468,Cw-1774,Cow
13468,Cw-1775,Cow
13468,Cw-1776,Cow
13468,Cw-1777,Cow
13468,Cw-1779,Cow
13468,Cw-1780,Cow
13468,Cw-1781,Cow
13468,Cw-1782,Cow
13468,Cw-1784,Cow
13468,Cw-1785,Cow
13468,Cw-1786,Cow
13468,Cw-1787,Cow
134,Hu-1588,Human
135,Hu-1590,Human
136,Hu-1592,Human
136,Hu-1593,Human
137,Hu-1594,Human
137,Hu-1595,Human
138,Hu-1596,Human
138,Hu-1597,Human
139,Hu-1598,Human
139,Hu-1599,Human
13,Ck-025,Chicken
13,Ck-026,Chicken
13,Dg-019,Dog
13,Dg-020,Dog
13,Ho-025,Horse
13,Hu-038,Human
13,Hu-039,Human
13,Pg-025,Pigeon
13,Pg-026,Pigeon
13,Rt-083,Ground Squirrel
13,Rt-084,Ground Squirrel
13,Rt-085,Ground Squirrel
13,Rt-086,Ground Squirrel
13,Rt-087,Ground Squirrel
13,Rt-088,Ground Squirrel
13,Rt-089,Ground Squirrel
13,Rt-090,Ground Squirrel
13,Rt-091,Ground Squirrel
13,Rt-092,Ground Squirrel
13,Sp-025,Sheep
13,Sp-026,Sheep
13,Sw-063,Pig
13,Sw-064,Pig
13,Tk-025,Wild Turkey
13,Tk-026,Wild Turkey
140,Hu-1600,Human
141,Hu-1601,Human
141,Hu-1602,Human
142,Hu-1603,Human
142,Hu-1604,Human
143,Hu-1605,Human
143,Hu-1606,Human
144,Hu-1607,Human
144,Hu-1608,Human
145,Hu-1609,Human
145,Hu-1610,Human
146,Hu-1611,Human
146,Hu-1612,Human
147,Hu-1613,Human
147,Hu-1614,Human
148,Hu-1615,Human
148,Hu-1616,Human
149,Hu-1617,Human
149,Hu-1618,Human
14,Ck-027,Chicken
14,Ck-028,Chicken
14,Ct-021,Cat
14,Dg-021,Dog
14,Dg-022,Dog
14,Ho-027,Horse
14,Ho-028,Horse
14,Hu-040,Human
14,Pg-027,Pigeon
14,Pg-028,Pigeon
14,Rt-093,Ground Squirrel
14,Rt-094,Ground Squirrel
14,Rt-095,Ground Squirrel
14,Rt-096,Ground Squirrel
14,Rt-097,Ground Squirrel
14,Rt-098,Ground Squirrel
14,Rt-099,Ground Squirrel
14,Rt-100,Ground Squirrel
14,Rt-101,Ground Squirrel
14,Rt-102,Ground Squirrel
14,Sp-027,Sheep
14,Sp-028,Sheep
14,Sw-065,Pig
14,Sw-066,Pig
14,Tk-027,Wild Turkey
14,Tk-028,Wild Turkey
150,Hu-1619,Human
151,Hu-1620,Human
152,Hu-1621,Human
152,Hu-1622,Human
153,Hu-1623,Human
153,Hu-1624,Human
154,Hu-1625,Human
155,Hu-1626,Human
156,Hu-1627,Human
156,Hu-1628,Human
157,Hu-1629,Human
157,Hu-1630,Human
158,Hu-1631,Human
158,Hu-1632,Human
159,Hu-1633,Human
159,Hu-1634,Human
15,Ck-029,Chicken
15,Ck-030,Chicken
15,Ct-022,Cat
15,Ct-023,Cat
15,Dg-023,Dog
15,Dg-024,Dog
15,Ho-029,Horse
15,Ho-030,Horse
15,Hu-041,Human
15,Hu-042,Human
15,Pg-029,Pigeon
15,Pg-030,Pigeon
15,Rt-103,Ground Squirrel
15,Rt-104,Ground Squirrel
15,Rt-105,Ground Squirrel
15,Rt-106,Ground Squirrel
15,Rt-107,Ground Squirrel
15,Rt-108,Ground Squirrel
15,Rt-109,Ground Squirrel
15,Rt-110,Ground Squirrel
15,Rt-111,Ground Squirrel
15,Rt-112,Ground Squirrel
15,Sp-029,Sheep
15,Sp-030,Sheep
15,Tk-029,Wild Turkey
15,Tk-030,Wild Turkey
160,Hu-1635,Human
160,Hu-1636,Human
161,Hu-1637,Human
161,Hu-1638,Human
162,Hu-1639,Human
162,Hu-1640,Human
163,Hu-1641,Human
163,Hu-1642,Human
164,Hu-1643,Human
165,Hu-1644,Human
165,Hu-1645,Human
16684,STEC 16684,Human
166,Hu-1646,Human
166,Hu-1647,Human
167,Hu-1648,Human
167,Hu-1649,Human
168,Hu-1650,Human
168,Hu-1651,Human
169,Hu-1652,Human
169,Hu-1653,Human
16,Ck-031,Chicken
16,Ct-024,Cat
16,Ct-025,Cat
16,Dg-025,Dog
16,Dg-026,Dog
16,Ho-031,Horse
16,Ho-032,Horse
16,Hu-043,Human
16,Hu-044,Human
16,Pg-031,Pigeon
16,Pg-032,Pigeon
16,Rt-120,Ground Squirrel
16,Sp-031,Sheep
16,Sp-032,Sheep
16,Tk-031,Wild Turkey
16,Tk-032,Wild Turkey
170,Hu-1654,Human
170,Hu-1655,Human
171,Hu-1656,Human
171,Hu-1657,Human
172,Hu-1658,Human
172,Hu-1659,Human
173,Hu-1660,Human
174,Hu-1662,Human
175,Hu-1663,Human
175,Hu-1664,Human
176,Hu-1665,Human
176,Hu-1666,Human
177,Hu-1667,Human
177,Hu-1668,Human
17,Ct-026,Cat
17,Ct-027,Cat
17,Dg-027,Dog
17,Dg-028,Dog
17,Hu-045,Human
17,Pg-033,Pigeon
17,Pg-034,Pigeon
17,Sp-033,Sheep
17,Sp-034,Sheep
185,Hu-1681,Human
187,Hu-1683,Human
187,Hu-1684,Human
18,Ct-028,Cat
18,Ct-029,Cat
18,Hu-046,Human
18,Hu-047,Human
18,Pg-035,Pigeon
18,Pg-036,Pigeon
18,Rt-135,Ground Squirrel
18,Rt-137,Ground Squirrel
18,Rt-138,Ground Squirrel
18,Rt-139,Ground Squirrel
18,Rt-140,Ground Squirrel
18,Rt-141,Ground Squirrel
18,Rt-142,Ground Squirrel
18,Sp-035,Sheep
18,Sp-036,Sheep
190,Hu-1689,Human
193,Hu-1693,Human
194,Hu-1694,Human
194,Hu-1695,Human
195,Hu-1696,Human
195,Hu-1697,Human
196,Hu-1698,Human
197,Hu-1700,Human
198,Hu-1701,Human
198,Hu-1702,Human
199,Hu-1703,Human
19,Ct-030,Cat
19,Ct-031,Cat
19,Hu-048,Human
19,Hu-049,Human
19,Pg-037,Pigeon
19,Pg-038,Pigeon
19,Rt-143,Ground Squirrel
19,Rt-144,Ground Squirrel
19,Rt-145,Ground Squirrel
19,Rt-146,Ground Squirrel
19,Rt-147,Ground Squirrel
19,Rt-149,Ground Squirrel
19,Rt-150,Ground Squirrel
19,Rt-151,Ground Squirrel
19,Rt-152,Ground Squirrel
19,Sp-037,Sheep
19,Sp-038,Sheep
19,Tk-033,Wild Turkey
19,Tk-034,Wild Turkey
1,Dg-001,Dog
1,Dr-003,Deer
1,Dr-004,Deer
1,Dr-005,Deer
1,Dr-006,Deer
1,Dr-007,Deer
1,Dr-008,Deer
1,Dr-009,Deer
1,Dr-010,Deer
1,Dr-011,Deer
1,Dr-012,Deer
1,Dr-013,Deer
1,Dr-014,Deer
1,Dr-015,Deer
1,Dr-016,Deer
1,Dr-017,Deer
1,Dr-019,Deer
1,Dr-020,Deer
1,Dr-021,Deer
1,Dr-022,Deer
1,Ho-002,Horse
1,Hu-021,Human
1,Pg-001,Pigeon
1,Pg-002,Pigeon
1,Rt-003,Ground Squirrel
1,Rt-004,Ground Squirrel
1,Sg-012,Seagull
1,Sg-013,Seagull
1,Sg-014,Seagull
1,Sg-015,Seagull
1,Sp-001,Sheep
1,Sp-002,Sheep
1,Sw-039,Pig
1,Sw-040,Pig
1,Tk-001,Wild Turkey
1,Tk-002,Wild Turkey
200,Hu-1704,Human
200,Hu-1705,Human
201,Hu-1706,Human
202,Hu-1707,Human
203,Hu-1708,Human
204,Hu-1711,Human
205,Hu-1712,Human
206,Hu-1713,Human
206,Hu-1714,Human
207,Hu-1715,Human
208,Hu-1716,Human
208,Hu-1717,Human
209,Hu-1718,Human
20,Ct-032,Cat
20,Ct-033,Cat
20,Dg-163,Coyote
20,Hu-050,Human
20,Pg-039,Pigeon
20,Pg-040,Pigeon
20,Rt-153,Ground Squirrel
20,Rt-154,Ground Squirrel
20,Rt-155,Ground Squirrel
20,Rt-156,Ground Squirrel
20,Rt-157,Ground Squirrel
20,Rt-158,Ground Squirrel
20,Rt-159,Ground Squirrel
20,Rt-160,Ground Squirrel
20,Rt-161,Ground Squirrel
20,Rt-162,Ground Squirrel
20,Sp-039,Sheep
20,Sp-040,Sheep
210,Hu-1719,Human
211,Hu-1720,Human
21-24,Pp-001,Dog
21-24,Pp-002,Dog
21-24,Pp-003,Dog
21-24,Pp-004,Dog
21-24,Pp-005,Dog
21-24,Pp-006,Dog
21-24,Pp-007,Dog
21-24,Pp-008,Dog
21-24,Pp-009,Dog
21-24,Pp-010,Dog
21-24,Pp-011,Dog
21-24,Pp-012,Dog
21-24,Pp-013,Dog
21-24,Pp-014,Dog
21-24,Pp-015,Dog
21-24,Pp-016,Dog
21-24,Pp-017,Dog
21-24,Pp-018,Dog
21-24,Pp-019,Dog
21-24,Pp-020,Dog
21-24,Pp-021,Dog
21-24,Pp-022,Dog
21-24,Pp-023,Dog
21-24,Pp-024,Dog
21-24,Pp-025,Dog
21-24,Pp-026,Dog
21-24,Pp-027,Dog
21-24,Pp-028,Dog
21-24,Pp-029,Dog
21-24,Pp-030,Dog
212,Hu-1721,Human
213,Hu-1722,Human
213,Hu-1723,Human
214,Hu-1724,Human
214,Hu-1725,Human
215,Hu-1726,Human
216,Hu-1728,Human
217,Hu-1729,Human
218,Hu-1730,Human
218,Hu-1731,Human
219,Hu-1733,Human
21,Dg-165,Dog
21,Dg-166,Dog
21,Hu-051,Human
21,Pg-041,Pigeon
21,Pg-042,Pigeon
21,Rt-163,Ground Squirrel
21,Rt-164,Ground Squirrel
21,Rt-165,Ground Squirrel
21,Rt-166,Ground Squirrel
21,Rt-167,Ground Squirrel
21,Rt-168,Ground Squirrel
21,Rt-169,Ground Squirrel
21,Rt-170,Ground Squirrel
21,Rt-171,Ground Squirrel
21,Rt-172,Ground Squirrel
21,Sp-041,Sheep
21,Sp-042,Sheep
220,Hu-1734,Human
22,Dg-167,Dog
22,Dg-168,Dog
22,Hu-052,Human
22,Hu-053,Human
22,Pg-043,Pigeon
22,Pg-044,Pigeon
22,Rt-173,Ground Squirrel
22,Rt-174,Ground Squirrel
22,Rt-175,Ground Squirrel
22,Rt-176,Ground Squirrel
22,Rt-177,Ground Squirrel
22,Rt-178,Ground Squirrel
22,Rt-179,Ground Squirrel
22,Rt-180,Ground Squirrel
22,Rt-181,Ground Squirrel
22,Rt-182,Ground Squirrel
22,Sp-043,Sheep
22,Sp-044,Sheep
22,Tk-035,Wild Turkey
22,Tk-036,Wild Turkey
23,Dg-169,Dog
23,Dg-170,Dog
23,Hu-054,Human
23,Pg-045,Pigeon
23,Pg-046,Pigeon
23,Sp-045,Sheep
23,Sp-046,Sheep
24,Ct-052,Cat
24,Ct-053,Cat
24,Dg-171,Dog
24,Dg-172,Dog
24,Ho-048,Horse
24,Hu-055,Human
24,Pg-047,Pigeon
24,Pg-048,Pigeon
24,Sp-047,Sheep
24,Sp-048,Sheep
250-253,Pp-031,Human
250-253,Pp-032,Human
250-253,Pp-033,Human
250-253,Pp-034,Human
250-253,Pp-035,Human
250-253,Pp-036,Human
250-253,Pp-037,Human
250-253,Pp-038,Human
250-253,Pp-039,Human
250-253,Pp-040,Human
250-253,Pp-041,Human
250-253,Pp-042,Human
250-253,Pp-043,Human
250-253,Pp-044,Human
250-253,Pp-045,Human
250-253,Pp-046,Human
250-253,Pp-047,Human
250-253,Pp-049,Human
250-253,Pp-050,Human
250-253,Pp-051,Human
250-253,Pp-052,Human
250-253,Pp-053,Human
250-253,Pp-054,Human
250-253,Pp-055,Human
250-253,Pp-056,Human
250-253,Pp-057,Human
250-253,Pp-058,Human
250-253,Pp-059,Human
250-253,Pp-060,Human
250,Hu-1786,Human
251,Hu-1787,Human
251,Hu-1788,Human
252,Hu-1789,Human
252,Hu-1790,Human
253,Hu-1791,Human
253,Hu-1792,Human
254,Hu-1811,Human
254,Hu-1812,Human
255B5,Hu-1849,Human
255B5,Hu-1850,Human
259A1,Hu-1799,Human
259A1,Hu-1800,Human
25A93,Hu-1801,Human
25A93,Hu-1802,Human
25B8F,Hu-1803,Human
25B8F,Hu-1804,Human
25C36,Hu-1805,Human
25C36,Hu-1806,Human
25C87,Hu-1807,Human
25C87,Hu-1808,Human
25C88,Hu-1809,Human
25C88,Hu-1810,Human
25,Ct-054,Cat
25,Ct-055,Cat
25E94,Hu-1813,Human
25E94,Hu-1814,Human
25E9A,Hu-1819,Human
25E9A,Hu-1820,Human
25EBD,Hu-1817,Human
25EBD,Hu-1818,Human
25ED7,Hu-1815,Human
25ED7,Hu-1816,Human
25F79,Hu-1821,Human
25F79,Hu-1822,Human
25FF6,Hu-1823,Human
25FF6,Hu-1824,Human
25,Ho-049,Horse
25,Hu-056,Human
25,Pg-049,Pigeon
25,Pg-050,Pigeon
25,Sp-049,Sheep
25,Sp-050,Sheep
25,Tk-037,Wild Turkey
25,Tk-038,Wild Turkey
2614D,Hu-1829,Human
2614D,Hu-1830,Human
26176,Hu-1827,Human
26176,Hu-1828,Human
261AE,Hu-1825,Human
261AE,Hu-1826,Human
261F4,Hu-1833,Human
261F4,Hu-1834,Human
261FE,Hu-1831,Human
261FE,Hu-1832,Human
26206,Hu-1837,Human
26206,Hu-1838,Human
26273,Hu-1835,Human
26273,Hu-1836,Human
262EC,Hu-1841,Human
262EC,Hu-1842,Human
2631,Hu-1798,Human
2635A,Hu-1839,Human
2635A,Hu-1840,Human
264CE,Hu-1843,Human
264CE,Hu-1844,Human
264F8,Hu-1845,Human
264F8,Hu-1846,Human
26701,Hu-1853,Human
26701,Hu-1854,Human
26711,Hu-1855,Human
26711,Hu-1856,Human
2675A,Hu-1851,Human
2675A,Hu-1852,Human
268D9,Hu-1857,Human
268D9,Hu-1858,Human
268FB,Hu-1859,Human
268FB,Hu-1860,Human
26901,Hu-1861,Human
26901,Hu-1862,Human
26A2D,Hu-1863,Human
26A2D,Hu-1864,Human
26A52,Hu-1865,Human
26A52,Hu-1866,Human
26,Ct-056,Cat
26,Ct-057,Cat
26E16,Hu-1867,Human
26E16,Hu-1868,Human
26E6A,Hu-1869,Human
26E6A,Hu-1870,Human
26E8D,Hu-1871,Human
26E8D,Hu-1872,Human
26ED8,Hu-1877,Human
26ED8,Hu-1878,Human
26EDD,Hu-1875,Human
26EDD,Hu-1876,Human
26EEA,Hu-1879,Human
26EEA,Hu-1880,Human
26F15,Hu-1873,Human
26F15,Hu-1874,Human
26F74,Hu-1881,Human
26F74,Hu-1882,Human
26F80,Hu-1885,Human
26F80,Hu-1886,Human
26FA7,Hu-1883,Human
26FA7,Hu-1884,Human
26,Ho-052,Horse
26,Hu-057,Human
26,Pg-051,Pigeon
26,Pg-052,Pigeon
26,Sp-051,Sheep
26,Sp-052,Sheep
26,Tk-039,Wild Turkey
26,Tk-040,Wild Turkey
27013,Hu-1887,Human
27013,Hu-1888,Human
27103,Hu-1891,Human
27103,Hu-1892,Human
2717D,Hu-1889,Human
2717D,Hu-1890,Human
2740D,Hu-1893,Human
2740D,Hu-1894,Human
274CA,Hu-1897,Human
274CA,Hu-1898,Human
274E3,Hu-1895,Human
274E3,Hu-1896,Human
2768D,Hu-1899,Human
2768D,Hu-1900,Human
277A5,Hu-1907,Human
277A5,Hu-1908,Human
277B1,Hu-1905,Human
277B1,Hu-1906,Human
277DE,Hu-1903,Human
277DE,Hu-1904,Human
27828,Hu-1901,Human
27828,Hu-1902,Human
27831,Hu-1909,Human
27831,Hu-1910,Human
27,Ct-058,Cat
27,Ct-059,Cat
27,Hu-058,Human
27,Pg-053,Pigeon
27,Pg-054,Pigeon
27,Sp-053,Sheep
27,Sp-054,Sheep
27,Tk-041,Wild Turkey
27,Tk-042,Wild Turkey
2848,Hu-1795,Human
28,Ct-060,Cat
28,Ct-061,Cat
28,Ho-055,Horse
28,Ho-056,Horse
28,Hu-059,Human
28,Hu-060,Human
28,Pg-055,Pigeon
28,Pg-056,Pigeon
28,Sp-055,Sheep
28,Sp-056,Sheep
28,Tk-043,Wild Turkey
28,Tk-044,Wild Turkey
2944,Hu-1796,Human
29,Ct-062,Cat
29,Ct-063,Cat
29,Ho-057,Horse
29,Hu-061,Human
29,Pg-057,Pigeon
29,Pg-058,Pigeon
29,Sp-057,Sheep
29,Sp-058,Sheep
29,Tk-045,Wild Turkey
29,Tk-046,Wild Turkey
2,Dg-002,Dog
2,Ho-003,Horse
2,Ho-004,Horse
2,Hu-022,Human
2,Hu-023,Human
2,Pg-003,Pigeon
2,Pg-004,Pigeon
2,Rt-006,Ground Squirrel
2,Sp-003,Sheep
2,Sp-004,Sheep
2,Sw-041,Pig
2,Sw-042,Pig
2,Tk-003,Wild Turkey
2,Tk-004,Wild Turkey
30,Ct-064,Cat
30,Ct-065,Cat
30,Ho-059,Horse
30,Hu-062,Human
30,Pg-059,Pigeon
30,Pg-060,Pigeon
30,Sp-059,Sheep
30,Sp-060,Sheep
30,Tk-047,Wild Turkey
30,Tk-048,Wild Turkey
31,Ct-034,Cat
31,Ct-035,Cat
31,Ho-061,Horse
31,Ho-062,Horse
31,Hu-063,Human
31,Pg-061,Pigeon
31,Pg-062,Pigeon
31,Sp-061,Sheep
31,Sp-062,Sheep
32,Ct-036,Cat
32,Ct-037,Cat
32,Ho-063,Horse
32,Ho-064,Horse
32,Hu-064,Human
32,Hu-065,Human
32,Pg-063,Pigeon
32,Pg-064,Pigeon
32,Sp-063,Sheep
32,Sp-064,Sheep
33,Ct-038,Cat
33,Ct-039,Cat
33,Ho-065,Horse
33,Ho-066,Horse
33,Hu-066,Human
33,Pg-065,Pigeon
33,Pg-066,Pigeon
33,Sp-065,Sheep
33,Sp-066,Sheep
33,Tk-049,Wild Turkey
33,Tk-050,Wild Turkey
3405,Hu-1797,Human
34,Ct-041,Cat
34,Ho-067,Horse
34,Hu-067,Human
34,Pg-067,Pigeon
34,Pg-068,Pigeon
34,Sp-067,Sheep
34,Sp-068,Sheep
34,Tk-051,Wild Turkey
35,Ct-042,Cat
35,Ct-043,Cat
35,Ho-070,Horse
35,Hu-068,Human
35,Pg-069,Pigeon
35,Pg-070,Pigeon
35,Sp-069,Sheep
35,Sp-070,Sheep
35,Tk-053,Wild Turkey
35,Tk-054,Wild Turkey
36,Ct-044,Cat
36,Ct-045,Cat
36,Hu-069,Human
36,Hu-070,Human
36,Pg-071,Pigeon
36,Pg-072,Pigeon
36,Sp-071,Sheep
36,Sp-072,Sheep
36,Tk-055,Wild Turkey
36,Tk-056,Wild Turkey
37,Ho-074,Horse
37,Hu-071,Human
37,Hu-072,Human
37,Pg-073,Pigeon
37,Pg-074,Pigeon
37,Sp-073,Sheep
37,Sp-074,Sheep
37,Tk-057,Wild Turkey
37,Tk-058,Wild Turkey
38,Hu-073,Human
38,Hu-074,Human
38,Pg-075,Pigeon
38,Pg-076,Pigeon
38,Sg-104,Seagull
38,Sg-105,Seagull
38,Sp-075,Sheep
38,Sp-076,Sheep
38,Tk-059,Wild Turkey
38,Tk-060,Wild Turkey
39,Ho-078,Horse
39,Hu-075,Human
39,Hu-076,Human
39,Pg-077,Pigeon
39,Pg-078,Pigeon
39,Sg-106,Seagull
39,Sg-107,Seagull
39,Sp-077,Sheep
39,Sp-078,Sheep
39,Tk-061,Wild Turkey
39,Tk-062,Wild Turkey
3,Ck-005,Chicken
3,Ck-006,Chicken
3,Dg-003,Dog
3,Ho-005,Horse
3,Ho-006,Horse
3,Hu-024,Human
3,Pg-005,Pigeon
3,Pg-006,Pigeon
3,Rt-007,Ground Squirrel
3,Rt-008,Ground Squirrel
3,Sp-006,Sheep
3,Sw-043,Pig
3,Sw-044,Pig
3,Tk-005,Wild Turkey
3,Tk-006,Wild Turkey
40,Pg-079,Pigeon
40,Pg-080,Pigeon
40,Sp-079,Sheep
40,Sp-080,Sheep
40,Tk-063,Wild Turkey
40,Tk-064,Wild Turkey
41,Hu-079,Human
41,Pg-081,Pigeon
41,Pg-082,Pigeon
41,Sp-081,Sheep
41,Sp-082,Sheep
41,Tk-065,Wild Turkey
41,Tk-066,Wild Turkey
42,Hu-080,Human
42,Hu-081,Human
42,Pg-083,Pigeon
42,Pg-084,Pigeon
42,Sp-083,Sheep
42,Sp-084,Sheep
42,Tk-067,Wild Turkey
42,Tk-068,Wild Turkey
43,Ho-085,Horse
43,Hu-082,Human
43,Hu-083,Human
43,Pg-085,Pigeon
43,Pg-086,Pigeon
43,Sp-086,Sheep
43,Sw-033,Pig
43,Sw-034,Pig
43,Tk-069,Wild Turkey
43,Tk-070,Wild Turkey
44,Hu-084,Human
44,Hu-085,Human
44,Pg-087,Pigeon
44,Pg-088,Pigeon
44,Sp-087,Sheep
44,Sp-088,Sheep
44,Tk-071,Wild Turkey
44,Tk-072,Wild Turkey
45,Hu-086,Human
45,Hu-087,Human
45,Pg-089,Pigeon
45,Pg-090,Pigeon
45,Sp-089,Sheep
45,Sp-090,Sheep
46-67,Sw-035,Pig
46-67,Sw-036,Pig
46,Hu-088,Human
46,Hu-089,Human
46,Pg-091,Pigeon
46,Pg-092,Pigeon
47,Hu-090,Human
47,Pg-093,Pigeon
47,Pg-094,Pigeon
47,Sp-093,Sheep
47,Sp-094,Sheep
4839,STEC 04839,Human
48,Ho-095,Horse
48,Ho-096,Horse
48,Hu-091,Human
48,Hu-092,Human
48,Pg-095,Pigeon
48,Pg-096,Pigeon
48,Sp-095,Sheep
48,Sp-096,Sheep
49-38,Sw-037,Pig
49-38,Sw-038,Pig
4981,STEC 04981,Human
4982,STEC 04982,Human
49,Ho-097,Horse
49,Ho-098,Horse
49,Hu-093,Human
49,Pg-097,Pigeon
49,Pg-098,Pigeon
4,Ck-007,Chicken
4,Ck-008,Chicken
4,Ct-004,Cat
4,Dg-004,Dog
4,Ho-007,Horse
4,Ho-008,Horse
4,Hu-025,Human
4,Hu-026,Human
4,Pg-007,Pigeon
4,Pg-008,Pigeon
4,Rt-009,Ground Squirrel
4,Rt-010,Ground Squirrel
4,Rt-011,Ground Squirrel
4,Rt-012,Ground Squirrel
4,Rt-013,Ground Squirrel
4,Rt-014,Ground Squirrel
4,Rt-015,Ground Squirrel
4,Rt-016,Ground Squirrel
4,Rt-017,Ground Squirrel
4,Rt-018,Ground Squirrel
4,Rt-019,Ground Squirrel
4,Rt-020,Ground Squirrel
4,Rt-021,Ground Squirrel
4,Rt-022,Ground Squirrel
4,Rt-023,Ground Squirrel
4,Sp-007,Sheep
4,Sp-008,Sheep
4,Sw-045,Pig
4,Sw-046,Pig
4,Tk-007,Wild Turkey
4,Tk-008,Wild Turkey
50,Hu-094,Human
50,Pg-099,Pigeon
50,Pg-100,Pigeon
50,Sp-099,Sheep
50,Sp-100,Sheep
51,Hu-095,Human
51,Pg-101,Pigeon
51,Pg-102,Pigeon
52,Hu-096,Human
52,Pg-103,Pigeon
52,Pg-104,Pigeon
536,536,Human
53,Pg-105,Pigeon
53,Pg-106,Pigeon
54,Hu-1793,Human
54,Pg-107,Pigeon
54,Pg-108,Pigeon
55,Pg-109,Pigeon
55,Pg-110,Pigeon
56,Pg-111,Pigeon
56,Pg-112,Pigeon
57,Pg-113,Pigeon
57,Pg-114,Pigeon
58,Pg-115,Pigeon
58,Pg-116,Pigeon
59,Hu-110,Human
59,Pg-117,Pigeon
59,Pg-118,Pigeon
5,Ck-009,Chicken
5,Ck-010,Chicken
5,Dg-005,Dog
5,Ho-009,Horse
5,Ho-010,Horse
5,Hu-027,Human
5,Pg-009,Pigeon
5,Pg-010,Pigeon
5,Rt-024,Ground Squirrel
5,Rt-025,Ground Squirrel
5,Rt-026,Ground Squirrel
5,Rt-027,Ground Squirrel
5,Rt-028,Ground Squirrel
5,Rt-029,Ground Squirrel
5,Rt-030,Ground Squirrel
5,Rt-031,Ground Squirrel
5,Rt-032,Ground Squirrel
5,Rt-034,Ground Squirrel
5,Rt-035,Ground Squirrel
5,Rt-037,Ground Squirrel
5,Rt-038,Ground Squirrel
5,Sg-009,Seagull
5,Sp-009,Sheep
5,Sp-010,Sheep
5,Sw-047,Pig
5,Sw-048,Pig
5,Tk-009,Wild Turkey
5,Tk-010,Wild Turkey
60,Hu-111,Human
60,Pg-119,Pigeon
60,Pg-120,Pigeon
61,Hu-112,Human
61,Pg-121,Pigeon
62,Hu-113,Human
62,Hu-114,Human
62,Pg-123,Pigeon
62,Pg-124,Pigeon
63,Hu-115,Human
63,Pg-125,Pigeon
63,Pg-126,Pigeon
64,Hu-116,Human
64,Pg-127,Pigeon
64,Pg-128,Pigeon
65,Hu-117,Human
65,Hu-198,Human
65,Hu-200,Human
65,Pg-129,Pigeon
65,Pg-130,Pigeon
66,Hu-199,Human
66,Hu-201,Human
66,Pg-131,Pigeon
66,Pg-132,Pigeon
67,Hu-202,Human
67,Hu-203,Human
68,Hu-204,Human
68,Pg-136,Pigeon
6,Ck-011,Chicken
6,Ck-012,Chicken
6,Dg-006,Dog
6,Ho-011,Horse
6,Ho-012,Horse
6,Hu-028,Human
6,Pg-011,Pigeon
6,Pg-012,Pigeon
6,Rt-039,Ground Squirrel
6,Rt-040,Ground Squirrel
6,Sp-011,Sheep
6,Sp-012,Sheep
6,Sw-049,Pig
6,Sw-050,Pig
6,Tk-011,Wild Turkey
6,Tk-012,Wild Turkey
70,Pg-139,Pigeon
73,Pg-145,Pigeon
74,Hu-133,Human
74,Hu-134,Human
74,Pg-148,Pigeon
75,Hu-135,Human
75,Hu-136,Human
76,Hu-137,Human
77,Hu-138,Human
77,Hu-139,Human
77,Pg-153,Pigeon
78,Hu-140,Human
78,Hu-141,Human
78,Pg-155,Pigeon
78,Pg-156,Pigeon
79,Hu-142,Human
79,Hu-143,Human
79,Pg-157,Pigeon
7,Ck-013,Chicken
7,Ck-014,Chicken
7,Dg-007,Dog
7,Dg-008,Dog
7,Ho-013,Horse
7,Ho-014,Horse
7,Hu-029,Human
7,Hu-030,Human
7,Pg-013,Pigeon
7,Pg-014,Pigeon
7,Rt-041,Ground Squirrel
7,Rt-042,Ground Squirrel
7,Sp-013,Sheep
7,Sp-014,Sheep
7,Sw-051,Pig
7,Sw-052,Pig
7,Tk-013,Wild Turkey
7,Tk-014,Wild Turkey
80,Hu-144,Human
80,Pg-159,Pigeon
80,Pg-160,Pigeon
81,Hu-145,Human
81,Pg-161,Pigeon
81,Pg-162,Pigeon
82,Hu-146,Human
82,Pg-163,Pigeon
82,Pg-164,Pigeon
83,Hu-147,Human
83,Pg-165,Pigeon
83,Pg-166,Pigeon
84,Hu-148,Human
84,Pg-167,Pigeon
84,Pg-168,Pigeon
85,Hu-149,Human
85,Pg-169,Pigeon
85,Pg-170,Pigeon
86,Hu-150,Human
86,Hu-151,Human
86,Pg-171,Pigeon
86,Pg-172,Pigeon
87,Hu-152,Human
87,Hu-153,Human
87,Pg-173,Pigeon
87,Pg-174,Pigeon
88,Hu-154,Human
88,Hu-155,Human
88,Pg-175,Pigeon
88,Pg-176,Pigeon
89,Hu-156,Human
89,Hu-157,Human
89,Pg-177,Pigeon
89,Pg-178,Pigeon
8,Ck-015,Chicken
8,Ck-016,Chicken
8,Dg-009,Dog
8,Dg-010,Dog
8,Ho-015,Horse
8,Hu-031,Human
8,Pg-015,Pigeon
8,Pg-016,Pigeon
8,Rt-043,Ground Squirrel
8,Rt-044,Ground Squirrel
8,Rt-045,Ground Squirrel
8,Rt-046,Ground Squirrel
8,Rt-048,Ground Squirrel
8,Rt-049,Ground Squirrel
8,Rt-050,Ground Squirrel
8,Rt-051,Ground Squirrel
8,Rt-052,Ground Squirrel
8,Rt-053,Ground Squirrel
8,Rt-054,Ground Squirrel
8,Rt-055,Ground Squirrel
8,Rt-056,Ground Squirrel
8,Rt-057,Ground Squirrel
8,Sp-015,Sheep
8,Sp-016,Sheep
8,Sw-053,Pig
8,Sw-054,Pig
8,Tk-015,Wild Turkey
8,Tk-016,Wild Turkey
90,Hu-159,Human
90,Pg-179,Pigeon
90,Pg-180,Pigeon
91,Hu-160,Human
91,Hu-161,Human
91,Pg-181,Pigeon
91,Pg-182,Pigeon
9275,STEC 09275,Human
92,Hu-162,Human
92,Hu-165,Human
92,Pg-183,Pigeon
92,Pg-184,Pigeon
93,Hu-163,Human
93,Hu-164,Human
93,Pg-185,Pigeon
93,Pg-186,Pigeon
94,Pg-187,Pigeon
94,Pg-188,Pigeon
95,Hu-188,Human
95,Hu-189,Human
95,Pg-189,Pigeon
95,Pg-190,Pigeon
96,Pg-191,Pigeon
96,Pg-192,Pigeon
97,Pg-193,Pigeon
97,Pg-194,Pigeon
98,Hu-174,Human
98,Hu-175,Human
98,Hu-180,Human
98,Hu-181,Human
98,Pg-195,Pigeon
98,Pg-196,Pigeon
9,Ck-017,Chicken
9,Ck-018,Chicken
9,Ct-010,Cat
9,Dg-011,Dog
9,Dg-012,Dog
9,Ho-017,Horse
9,Ho-018,Horse
9,Hu-032,Human
9,Pg-017,Pigeon
9,Pg-018,Pigeon
9,Rt-058,Ground Squirrel
9,Rt-059,Ground Squirrel
9,Sp-018,Sheep
9,Sw-055,Pig
9,Sw-056,Pig
Apple Jack,Dg-135,Dog
Apple Jack,Dg-136,Dog
Apple Jack,Dg-137,Dog
Apple Jack,Dg-138,Dog
AV0721,Av-001,Red-Winged Blackbird
AV0721,Av-002,Red-Winged Blackbird
AV0723,Av-003,Cliff Sparrow
AV0723,Av-004,Cliff Sparrow
AV0724,Av-005,Cliff Sparrow
AV0724,Av-006,Cliff Sparrow
AV0726,Av-007,Cliff Sparrow
AV0726,Av-008,Cliff Sparrow
AV0727,Av-011,Cliff Sparrow
AV0727,Av-012,Cliff Sparrow
AV0728,Av-009,Cliff Sparrow
AV0728,Av-010,Cliff Sparrow
AV0730,Av-013,Cliff Sparrow
AV0730,Av-014,Cliff Sparrow
AV0733,Av-015,Cliff Sparrow
AV0733,Av-016,Cliff Sparrow
AV0736A,Av-017,Unknown Avian
AV0736A,Av-018,Unknown Avian
AV0738,Av-019,Cliff Sparrow
AV0738,Av-020,Cliff Sparrow
AV0739,Av-021,Cliff Sparrow
AV0739,Av-022,Cliff Sparrow
AV0740,Av-023,Cliff Sparrow
AV0740,Av-024,Cliff Sparrow
AV0741,Av-025,Cliff Sparrow
AV0741,Av-026,Cliff Sparrow
AV0742,Av-027,Cliff Sparrow
AV0742,Av-028,Cliff Sparrow
AV0743,Av-029,Cliff Sparrow
AV0743,Av-030,Cliff Sparrow
AV0744,Av-031,Cliff Sparrow
AV0744,Av-032,Cliff Sparrow
AV0785,Av-033,White Crowned Sparrow
AV0786,Av-034,White Crowned Sparrow
AV0786,Av-035,White Crowned Sparrow
AV0789,Av-036,White Crowned Sparrow
AV0789,Av-037,White Crowned Sparrow
AV0791,Av-038,White Crowned Sparrow
AV0791,Av-039,White Crowned Sparrow
AV0795,Av-040,White Crowned Sparrow
AV0795,Av-041,White Crowned Sparrow
AV0798,Av-042,White Crowned Sparrow
AV0798,Av-043,White Crowned Sparrow
AV0800,Av-044,White Crowned Sparrow
AV0800,Av-045,White Crowned Sparrow
AV0802,Av-046,White Crowned Sparrow
AV0802,Av-047,White Crowned Sparrow
AV0810,Av-048,Red-Winged Blackbird
AV0810,Av-049,Red-Winged Blackbird
AV0813,Av-050,Tree Swallow
AV0813,Av-051,Tree Swallow
AV0814,Av-052,Western Kingbird
AV0814,Av-053,Western Kingbird
Bat Colony Mix,Bt-001,Bat
Bat Colony Mix,Bt-003,Bat
Bat Colony Mix,Bt-004,Bat
Bat Colony Mix,Bt-005,Bat
Bat Colony Mix,Bt-006,Bat
Bat Colony Mix,Bt-007,Bat
Bat Colony Mix,Bt-008,Bat
Bat Colony Mix,Bt-009,Bat
Bat Colony Mix,Bt-010,Bat
Bat Colony Mix,Bt-011,Bat
Bat Colony Mix,Bt-012,Bat
Bat Colony Mix,Bt-013,Bat
Bat Colony Mix,Bt-014,Bat
Bat Colony Mix,Bt-015,Bat
Bat Colony Mix,Bt-016,Bat
Bat Colony Mix,Bt-017,Bat
Bat Colony Mix,Bt-018,Bat
Bat Colony Mix,Bt-019,Bat
Bat Colony Mix,Bt-020,Bat
Bat Colony Mix,Bt-021,Bat
Bat Colony Mix,Bt-022,Bat
Bat Colony Mix,Bt-023,Bat
Bat Colony Mix,Bt-024,Bat
Bat Colony Mix,Bt-025,Bat
Bat Colony Mix,Bt-026,Bat
Bat Colony Mix,Bt-027,Bat
Bat Colony Mix,Bt-028,Bat
Bat Colony Mix,Bt-029,Bat
Bat Colony Mix,Bt-030,Bat
Bat Colony Mix,Bt-031,Bat
Bat Colony Mix,Bt-032,Bat
Bat Colony Mix,Bt-033,Bat
Bat Colony Mix,Bt-034,Bat
Bat Colony Mix,Bt-035,Bat
Bat Colony Mix,Bt-036,Bat
Bat Colony Mix,Bt-037,Bat
Bat Colony Mix,Bt-038,Bat
Bing 1-2,Dg-106,Dog
Bing 1-4,Dg-105,Dog
CC2,Rt-210,Ground Squirrel
CC2,Rt-211,Ground Squirrel
CC3,Rt-192,Ground Squirrel
CC4,Rt-201,Ground Squirrel
CC4,Rt-202,Ground Squirrel
CC5,Rt-193,Ground Squirrel
CC5,Rt-194,Ground Squirrel
CC6,Rt-229,Ground Squirrel
CFT073,CFT073,Human
Cheerio,Dg-155,Dog
Cheerio,Dg-157,Dog
Cheerio,Dg-158,Dog
,Ck-032,Chicken
,Ck-033,Chicken
,Ck-034,Chicken
,Ck-035,Chicken
,Ck-036,Chicken
,Ck-037,Chicken
,Ck-038,Chicken
,Ck-039,Chicken
,Ck-040,Chicken
,Ck-041,Chicken
,Ck-042,Chicken
,Ck-043,Chicken
,Ck-044,Chicken
Cleo 1-2,Dg-108,Dog
Cleo 1-4,Dg-107,Dog
ECOR,ECOR-28,Human
ECOR,ECOR-33,Sheep
ECOR,ECOR-35,Human
ECOR,ECOR-44,Cougar
ECOR,ECOR-48,Human
ECOR,ECOR-49,Human
ECOR,ECOR-52,Orangutan
ECOR,ECOR-59,Human
ECOR,ECOR-5,Human
Genny,Dg-123,Dog
Genny,Dg-124,Dog
Genny,Dg-125,Dog
Genny,Dg-126,Dog
George,Dg-143,Dog
George,Dg-144,Dog
George,Dg-145,Dog
George,Dg-146,Dog
Guiness,Dg-115,Dog
Guiness,Dg-116,Dog
Guiness,Dg-117,Dog
Guiness,Dg-118,Dog
Havana,Dg-119,Dog
Havana,Dg-120,Dog
Havana,Dg-121,Dog
Havana,Dg-122,Dog
HC1,Rt-197,Ground Squirrel
HC1,Rt-198,Ground Squirrel
HC3,Rt-189,Ground Squirrel
HC3,Rt-190,Ground Squirrel
HC4,Rt-205,Ground Squirrel
HC4,Rt-206,Ground Squirrel
Holly 1-2,Dg-102,Dog
Holly 1-3,Dg-101,Dog
Honeybunches,Dg-139,Dog
Honeybunches,Dg-140,Dog
Honeybunches,Dg-141,Dog
Honeybunches,Dg-142,Dog
HR4SQ,Rt-208,Ground Squirrel
HR4SQ,Rt-209,Ground Squirrel
HR6,Rt-183,Ground Squirrel
HR6,Rt-184,Ground Squirrel
HR8,Rt-185,Ground Squirrel
HR8,Rt-186,Ground Squirrel
HRESCQ1,Rt-232,Ground Squirrel
HRESCQ1,Rt-233,Ground Squirrel
I-C,Sw-027,Pig
I-C,Sw-028,Pig
I-F,Sw-025,Pig
I-F,Sw-026,Pig
Jake 1-2,Dg-110,Dog
Jake 1-3,Dg-109,Dog
Lola,Dg-173,Dog
Lola,Dg-174,Dog
Lola,Dg-175,Dog
Lola,Dg-176,Dog
Lola,Dg-177,Dog
Lola,Dg-178,Dog
Lola,Dg-179,Dog
Lola,Dg-180,Dog
Lola,Dg-181,Dog
Lola,Dg-182,Dog
Lola,Dg-183,Dog
Lola,Dg-184,Dog
Lola,Dg-185,Dog
Lola,Dg-186,Dog
Lola,Dg-187,Dog
Lola,Dg-188,Dog
Lola,Dg-189,Dog
Lola,Dg-190,Dog
Lola,Dg-191,Dog
Lola,Dg-192,Dog
Lola,Dg-193,Dog
Lola,Dg-194,Dog
Lola,Dg-195,Dog
Lola,Dg-196,Dog
Lola,Dg-197,Dog
Lola,Dg-198,Dog
Lola,Dg-199,Dog
Lola,Dg-200,Dog
Lola,Dg-201,Dog
Lola,Dg-202,Dog
Lola,Dg-203,Dog
Lola,Dg-204,Dog
Lola,Dg-205,Dog
Lola,Dg-206,Dog
Lola,Dg-207,Dog
Lola,Dg-208,Dog
Lola,Dg-209,Dog
Lola,Dg-210,Dog
Lola,Dg-211,Dog
Lola,Dg-212,Dog
Lola,Dg-213,Dog
Lola,Dg-214,Dog
Lola,Dg-215,Dog
Lola,Dg-216,Dog
Lola,Dg-217,Dog
Lola,Dg-218,Dog
Lola,Dg-219,Dog
Lola,Dg-220,Dog
Lola,Dg-221,Dog
Lola,Dg-222,Dog
Lola,Dg-223,Dog
Lola,Dg-224,Dog
Lola,Dg-225,Dog
Lola,Dg-226,Dog
Lucky Charms,Dg-147,Dog
Lucky Charms,Dg-148,Dog
Lucky Charms,Dg-149,Dog
Lucky Charms,Dg-150,Dog
MA0592,Sw-029,Pig
MA0592,Sw-030,Pig
MA0593,Sw-031,Pig
MA0593,Sw-032,Pig
MM0899,Rt-001,Deer Mouse
MM0899,Rt-002,Deer Mouse
OR4,Rt-195,Ground Squirrel
OR4,Rt-196,Ground Squirrel
OR5,Rt-234,Ground Squirrel
OR5,Rt-235,Ground Squirrel
OR6,Rt-236,Ground Squirrel
OR6,Rt-237,Ground Squirrel
OR7,Rt-225,Ground Squirrel
Puppy,Dg-159,Dog
Puppy,Dg-160,Dog
Puppy,Dg-162,Dog
PW10,Av-062,Great Horned Owl
PW10,Av-063,Great Horned Owl
PW11,Op-001,Opossum
PW11,Op-002,Opossum
PW12,Op-003,Opossum
PW12,Op-004,Opossum
PW13,Op-005,Opossum
PW13,Op-006,Opossum
PW15,Av-064,Great Horned Owl
PW15,Av-065,Great Horned Owl
PW16,Av-066,Guinni
PW16,Av-067,Guinni
PW17,Mm-003,Elephant Seal
PW17,Mm-004,Elephant Seal
PW18,Mm-005,Elephant Seal
PW18,Mm-006,Elephant Seal
PW1,Av-054,Eared Grebe
PW1,Av-055,Eared Grebe
PW20,Av-068,Surf Scoter
PW20,Av-069,Surf Scoter
PW22,Av-070,Clark Grebe
PW22,Av-071,Clark Grebe
PW23,Av-072,Owl
PW23,Av-073,Owl
PW24,Mm-007,California Sea Lion
PW24,Mm-008,California Sea Lion
PW25,Av-075,Owl
PW26,Av-076,Owl
PW26,Av-077,Owl
PW27,Av-078,Red-shoulder Hawk
PW27,Av-079,Red-shoulder Hawk
PW28,Av-080,Red-shoulder Hawk
PW28,Av-081,Red-shoulder Hawk
PW29,Av-082,Owl
PW2,Av-056,Common Loon
PW2,Av-057,Common Loon
PW30,Av-084,Crow
PW30,Av-085,Crow
PW31,Av-086,Pigeon
PW31,Av-087,Pigeon
PW32,Op-007,Opossum
PW32,Op-008,Opossum
PW33,Av-088,Seagull
PW33,Av-089,Seagull
PW34,Mm-009,California Sea Lion
PW34,Mm-010,California Sea Lion
PW35,Av-091,Mallard Duck
PW36,Av-092,Pelican
PW36,Av-093,Pelican
PW37,Av-094,Pelican
PW37,Av-095,Pelican
PW38,Rc-003,Racoon
PW38,Rc-004,Racoon
PW39,Av-096,Pigeon
PW39,Av-097,Pigeon
PW3,Av-058,Red Tailed Hawk
PW3,Av-059,Red Tailed Hawk
PW40,Av-098,Mallard Duck
PW40,Av-099,Mallard Duck
PW41,Mm-011,California Sea Lion
PW41,Mm-012,California Sea Lion
PW4,Rc-001,Racoon
PW4,Rc-002,Racoon
PW5,Mm-001,Sea Lion
PW5,Mm-002,Sea Lion
PW8,Av-060,Turkey Vulture
PW8,Av-061,Turkey Vulture
Rk2,Dr-002,Deer
RT300,Rt-199,Ground Squirrel
RT300,Rt-200,Ground Squirrel
RT320,Rt-187,Ground Squirrel
RT320,Rt-188,Ground Squirrel
RT321,Rt-226,Ground Squirrel
RT321,Rt-227,Ground Squirrel
RT322,Rt-230,Ground Squirrel
RT322,Rt-231,Ground Squirrel
RT323,Rt-212,Ground Squirrel
RT323,Rt-213,Ground Squirrel
RT324,Rt-219,Ground Squirrel
RT325,Rt-217,Ground Squirrel
RT330,Rt-203,Ground Squirrel
RT330,Rt-204,Ground Squirrel
Ruffian,Dg-127,Dog
Ruffian,Dg-128,Dog
Ruffian,Dg-129,Dog
Ruffian,Dg-130,Dog
Shadow,Dg-111,Dog
Shadow,Dg-112,Dog
Shadow,Dg-113,Dog
Shadow,Dg-114,Dog
Subject A,Hu-1105,Human
Subject A,Hu-1106,Human
Subject A,Hu-1107,Human
Subject A,Hu-1108,Human
Subject A,Hu-1109,Human
Subject A,Hu-1110,Human
Subject A,Hu-1111,Human
Subject A,Hu-1112,Human
Subject A,Hu-1113,Human
Subject A,Hu-1114,Human
Subject A,Hu-1115,Human
Subject A,Hu-1116,Human
Subject A,Hu-1117,Human
Subject A,Hu-1118,Human
Subject A,Hu-1119,Human
Subject A,Hu-1135,Human
Subject A,Hu-1136,Human
Subject A,Hu-1137,Human
Subject A,Hu-1138,Human
Subject A,Hu-1139,Human
Subject A,Hu-1140,Human
Subject A,Hu-1141,Human
Subject A,Hu-1142,Human
Subject A,Hu-1143,Human
Subject A,Hu-1144,Human
Subject A,Hu-1145,Human
Subject A,Hu-1146,Human
Subject A,Hu-1147,Human
Subject A,Hu-1148,Human
Subject A,Hu-1149,Human
Subject A,Hu-1150,Human
Subject A,Hu-1151,Human
Subject A,Hu-1152,Human
Subject A,Hu-1198,Human
Subject A,Hu-1199,Human
Subject A,Hu-1200,Human
Subject A,Hu-1201,Human
Subject A,Hu-1202,Human
Subject A,Hu-1203,Human
Subject A,Hu-1204,Human
Subject A,Hu-1205,Human
Subject A,Hu-1206,Human
Subject A,Hu-1207,Human
Subject A,Hu-1208,Human
Subject A,Hu-1209,Human
Subject A,Hu-1210,Human
Subject A,Hu-1211,Human
Subject A,Hu-1212,Human
Subject A,Hu-1213,Human
Subject A,Hu-1214,Human
Subject A,Hu-1215,Human
Subject A,Hu-1216,Human
Subject A,Hu-1217,Human
Subject A,Hu-1218,Human
Subject A,Hu-1219,Human
Subject A,Hu-1220,Human
Subject A,Hu-1221,Human
Subject A,Hu-1222,Human
Subject A,Hu-1223,Human
Subject A,Hu-1224,Human
Subject A,Hu-1225,Human
Subject A,Hu-1226,Human
Subject A,Hu-1227,Human
Subject A,Hu-1228,Human
Subject A,Hu-1230,Human
Subject A,Hu-1231,Human
Subject A,Hu-1232,Human
Subject A,Hu-1233,Human
Subject A,Hu-1234,Human
Subject A,Hu-1235,Human
Subject A,Hu-1236,Human
Subject A,Hu-1237,Human
Subject A,Hu-1238,Human
Subject A,Hu-1239,Human
Subject A,Hu-1240,Human
Subject A,Hu-1241,Human
Subject A,Hu-1242,Human
Subject A,Hu-1243,Human
Subject A,Hu-1244,Human
Subject A,Hu-1245,Human
Subject A,Hu-1246,Human
Subject A,Hu-1247,Human
Subject A,Hu-1248,Human
Subject A,Hu-1249,Human
Subject A,Hu-1250,Human
Subject A,Hu-1251,Human
Subject A,Hu-1252,Human
Subject A,Hu-1253,Human
Subject A,Hu-1254,Human
Subject A,Hu-1255,Human
Subject A,Hu-1256,Human
Subject A,Hu-1257,Human
Subject A,Hu-1258,Human
Subject A,Hu-1259,Human
Subject A,Hu-1260,Human
Subject A,Hu-1261,Human
Subject A,Hu-1262,Human
Subject A,Hu-1263,Human
Subject A,Hu-1264,Human
Subject A,Hu-1265,Human
Subject A,Hu-1266,Human
Subject A,Hu-1267,Human
Subject A,Hu-1268,Human
Subject A,Hu-1269,Human
Subject A,Hu-1270,Human
Subject A,Hu-1271,Human
Subject A,Hu-1272,Human
Subject A,Hu-1273,Human
Subject A,Hu-1274,Human
Subject A,Hu-1275,Human
Subject A,Hu-1276,Human
Subject A,Hu-1277,Human
Subject A,Hu-1278,Human
Subject A,Hu-1279,Human
Subject A,Hu-1572,Human
Subject A,Hu-523,Human
Subject A,Hu-524,Human
Subject A,Hu-525,Human
Subject A,Hu-526,Human
Subject A,Hu-527,Human
Subject A,Hu-528,Human
Subject A,Hu-529,Human
Subject A,Hu-530,Human
Subject A,Hu-531,Human
Subject A,Hu-532,Human
Subject A,Hu-533,Human
Subject A,Hu-534,Human
Subject A,Hu-535,Human
Subject A,Hu-581,Human
Subject A,Hu-582,Human
Subject A,Hu-583,Human
Subject A,Hu-584,Human
Subject A,Hu-585,Human
Subject A,Hu-586,Human
Subject A,Hu-587,Human
Subject A,Hu-588,Human
Subject A,Hu-589,Human
Subject A,Hu-590,Human
Subject A,Hu-591,Human
Subject A,Hu-592,Human
Subject A,Hu-593,Human
Subject A,Hu-594,Human
Subject A,Hu-595,Human
Subject A,Hu-596,Human
Subject A,Hu-597,Human
Subject A,Hu-598,Human
Subject A,Hu-599,Human
Subject A,Hu-600,Human
Subject A,Hu-601,Human
Subject A,Hu-602,Human
Subject A,Hu-603,Human
Subject A,Hu-604,Human
Subject A,Hu-605,Human
Subject A,Hu-606,Human
Subject A,Hu-607,Human
Subject A,Hu-608,Human
Subject A,Hu-609,Human
Subject A,Hu-610,Human
Subject A,Hu-611,Human
Subject A,Hu-612,Human
Subject A,Hu-613,Human
Subject A,Hu-614,Human
Subject A,Hu-615,Human
Subject A,Hu-616,Human
Subject A,Hu-617,Human
Subject A,Hu-618,Human
Subject A,Hu-619,Human
Subject A,Hu-620,Human
Subject A,Hu-621,Human
Subject A,Hu-622,Human
Subject A,Hu-623,Human
Subject A,Hu-624,Human
Subject A,Hu-625,Human
Subject A,Hu-626,Human
Subject A,Hu-627,Human
Subject A,Hu-628,Human
Subject A,Hu-629,Human
Subject A,Hu-630,Human
Subject A,Hu-631,Human
Subject A,Hu-632,Human
Subject A,Hu-633,Human
Subject A,Hu-634,Human
Subject A,Hu-635,Human
Subject A,Hu-636,Human
Subject A,Hu-637,Human
Subject A,Hu-638,Human
Subject A,Hu-639,Human
Subject A,Hu-640,Human
Subject A,Hu-641,Human
Subject A,Hu-642,Human
Subject A,Hu-643,Human
Subject A,Hu-644,Human
Subject A,Hu-645,Human
Subject A,Hu-646,Human
Subject A,Hu-647,Human
Subject A,Hu-648,Human
Subject A,Hu-649,Human
Subject A,Hu-650,Human
Subject A,Hu-651,Human
Subject A,Hu-652,Human
Subject A,Hu-653,Human
Subject A,Hu-654,Human
Subject A,Hu-655,Human
Subject A,Hu-656,Human
Subject A,Hu-657,Human
Subject A,Hu-658,Human
Subject A,Hu-659,Human
Subject A,Hu-660,Human
Subject A,Hu-661,Human
Subject A,Hu-662,Human
Subject A,Hu-663,Human
Subject A,Hu-664,Human
Subject A,Hu-665,Human
Subject A,Hu-666,Human
Subject A,Hu-667,Human
Subject A,Hu-668,Human
Subject A,Hu-669,Human
Subject A,Hu-670,Human
Subject A,Hu-671,Human
Subject A,Hu-672,Human
Subject A,Hu-673,Human
Subject A,Hu-674,Human
Subject A,Hu-675,Human
Subject A,Hu-676,Human
Subject A,Hu-677,Human
Subject A,Hu-678,Human
Subject A,Hu-679,Human
Subject A,Hu-680,Human
Subject A,Hu-681,Human
Subject A,Hu-682,Human
Subject A,Hu-683,Human
Subject A,Hu-684,Human
Subject A,Hu-685,Human
Subject A,Hu-686,Human
Subject A,Hu-687,Human
Subject A,Hu-688,Human
Subject A,Hu-689,Human
Subject A,Hu-690,Human
Subject A,Hu-691,Human
Subject A,Hu-692,Human
Subject A,Hu-693,Human
Subject A,Hu-694,Human
Subject A,Hu-695,Human
Subject A,Hu-696,Human
Subject A,Hu-697,Human
Subject A,Hu-698,Human
Subject A,Hu-699,Human
Subject A,Hu-700,Human
Subject A,Hu-701,Human
Subject A,Hu-702,Human
Subject A,Hu-703,Human
Subject A,Hu-704,Human
Subject A,Hu-705,Human
Subject A,Hu-706,Human
Subject A,Hu-707,Human
Subject A,Hu-708,Human
Subject A,Hu-709,Human
Subject A,Hu-710,Human
Subject A,Hu-711,Human
Subject A,Hu-712,Human
Subject A,Hu-713,Human
Subject A,Hu-714,Human
Subject A,Hu-715,Human
Subject A,Hu-716,Human
Subject A,Hu-717,Human
Subject A,Hu-718,Human
Subject A,Hu-719,Human
Subject A,Hu-720,Human
Subject A,Hu-721,Human
Subject A,Hu-722,Human
Subject A,Hu-723,Human
Subject A,Hu-724,Human
Subject A,Hu-725,Human
Subject A,Hu-726,Human
Subject A,Hu-727,Human
Subject A,Hu-728,Human
Subject A,Hu-729,Human
Subject A,Hu-730,Human
Subject A,Hu-731,Human
Subject A,Hu-732,Human
Subject A,Hu-733,Human
Subject A,Hu-734,Human
Subject A,Hu-735,Human
Subject A,Hu-736,Human
Subject A,Hu-737,Human
Subject A,Hu-738,Human
Subject A,Hu-741,Human
Subject A,Hu-742,Human
Subject A,Hu-743,Human
Subject A,Hu-744,Human
Subject A,Hu-745,Human
Subject A,Hu-746,Human
Subject A,Hu-747,Human
Subject A,Hu-748,Human
Subject A,Hu-749,Human
Subject A,Hu-750,Human
Subject A,Hu-751,Human
Subject A,Hu-752,Human
Subject A,Hu-753,Human
Subject A,Hu-754,Human
Subject A,Hu-785,Human
Subject A,Hu-786,Human
Subject A,Hu-787,Human
Subject A,Hu-788,Human
Subject A,Hu-789,Human
Subject A,Hu-790,Human
Subject A,Hu-791,Human
Subject A,Hu-792,Human
Subject A,Hu-793,Human
Subject A,Hu-794,Human
Subject A,Hu-795,Human
Subject A,Hu-796,Human
Subject A,Hu-797,Human
Subject A,Hu-798,Human
Subject A,Hu-799,Human
Subject B,Hu-1153,Human
Subject B,Hu-1154,Human
Subject B,Hu-1155,Human
Subject B,Hu-1156,Human
Subject B,Hu-1157,Human
Subject B,Hu-1158,Human
Subject B,Hu-1159,Human
Subject B,Hu-1160,Human
Subject B,Hu-1161,Human
Subject B,Hu-1162,Human
Subject B,Hu-1163,Human
Subject B,Hu-1164,Human
Subject B,Hu-1165,Human
Subject B,Hu-1166,Human
Subject B,Hu-1168,Human
Subject B,Hu-1169,Human
Subject B,Hu-1170,Human
Subject B,Hu-1171,Human
Subject B,Hu-1172,Human
Subject B,Hu-1173,Human
Subject B,Hu-1174,Human
Subject B,Hu-1175,Human
Subject B,Hu-1176,Human
Subject B,Hu-1177,Human
Subject B,Hu-1178,Human
Subject B,Hu-1179,Human
Subject B,Hu-1180,Human
Subject B,Hu-1181,Human
Subject B,Hu-1182,Human
Subject B,Hu-1183,Human
Subject B,Hu-1184,Human
Subject B,Hu-1185,Human
Subject B,Hu-1186,Human
Subject B,Hu-1187,Human
Subject B,Hu-1188,Human
Subject B,Hu-1189,Human
Subject B,Hu-118,Human
Subject B,Hu-1190,Human
Subject B,Hu-1191,Human
Subject B,Hu-1192,Human
Subject B,Hu-1193,Human
Subject B,Hu-1194,Human
Subject B,Hu-1195,Human
Subject B,Hu-1196,Human
Subject B,Hu-1197,Human
Subject B,Hu-119,Human
Subject B,Hu-120,Human
Subject B,Hu-121,Human
Subject B,Hu-122,Human
Subject B,Hu-123,Human
Subject B,Hu-124,Human
Subject B,Hu-125,Human
Subject B,Hu-126,Human
Subject B,Hu-127,Human
Subject B,Hu-128,Human
Subject B,Hu-129,Human
Subject B,Hu-130,Human
Subject B,Hu-131,Human
Subject B,Hu-132,Human
Subject B,Hu-1471,Human
Subject B,Hu-1472,Human
Subject B,Hu-1473,Human
Subject B,Hu-1474,Human
Subject B,Hu-1475,Human
Subject B,Hu-1476,Human
Subject B,Hu-1477,Human
Subject B,Hu-1478,Human
Subject B,Hu-1479,Human
Subject B,Hu-1480,Human
Subject B,Hu-1481,Human
Subject B,Hu-1482,Human
Subject B,Hu-1483,Human
Subject B,Hu-1484,Human
Subject B,Hu-1485,Human
Subject B,Hu-1486,Human
Subject B,Hu-1487,Human
Subject B,Hu-1488,Human
Subject B,Hu-1489,Human
Subject B,Hu-1490,Human
Subject B,Hu-1491,Human
Subject B,Hu-1492,Human
Subject B,Hu-1493,Human
Subject B,Hu-1494,Human
Subject B,Hu-1495,Human
Subject B,Hu-1496,Human
Subject B,Hu-1497,Human
Subject B,Hu-1498,Human
Subject B,Hu-1499,Human
Subject B,Hu-1500,Human
Subject B,Hu-1501,Human
Subject B,Hu-1502,Human
Subject B,Hu-1503,Human
Subject B,Hu-1504,Human
Subject B,Hu-1505,Human
Subject B,Hu-1506,Human
Subject B,Hu-1507,Human
Subject B,Hu-1508,Human
Subject B,Hu-1509,Human
Subject B,Hu-1510,Human
Subject B,Hu-1511,Human
Subject B,Hu-1512,Human
Subject B,Hu-1513,Human
Subject B,Hu-1514,Human
Subject B,Hu-1515,Human
Subject B,Hu-1516,Human
Subject B,Hu-1517,Human
Subject B,Hu-1518,Human
Subject B,Hu-1519,Human
Subject B,Hu-1520,Human
Subject B,Hu-1521,Human
Subject B,Hu-1522,Human
Subject B,Hu-1523,Human
Subject B,Hu-1524,Human
Subject B,Hu-1525,Human
Subject B,Hu-1526,Human
Subject B,Hu-1527,Human
Subject B,Hu-1528,Human
Subject B,Hu-1529,Human
Subject B,Hu-1530,Human
Subject B,Hu-1531,Human
Subject B,Hu-1532,Human
Subject B,Hu-1533,Human
Subject B,Hu-1534,Human
Subject B,Hu-1535,Human
Subject B,Hu-1536,Human
Subject B,Hu-1537,Human
Subject B,Hu-1538,Human
Subject B,Hu-1539,Human
Subject B,Hu-1540,Human
Subject B,Hu-1541,Human
Subject B,Hu-1542,Human
Subject B,Hu-1543,Human
Subject B,Hu-1544,Human
Subject B,Hu-1545,Human
Subject B,Hu-1546,Human
Subject B,Hu-1547,Human
Subject B,Hu-1548,Human
Subject B,Hu-1549,Human
Subject B,Hu-1550,Human
Subject B,Hu-1551,Human
Subject B,Hu-1552,Human
Subject B,Hu-1553,Human
Subject B,Hu-1554,Human
Subject B,Hu-1555,Human
Subject B,Hu-1556,Human
Subject B,Hu-1557,Human
Subject B,Hu-1558,Human
Subject B,Hu-1559,Human
Subject B,Hu-1560,Human
Subject B,Hu-1561,Human
Subject B,Hu-1562,Human
Subject B,Hu-1563,Human
Subject B,Hu-1564,Human
Subject B,Hu-1565,Human
Subject B,Hu-1566,Human
Subject B,Hu-1567,Human
Subject B,Hu-1568,Human
Subject B,Hu-1569,Human
Subject B,Hu-1570,Human
Subject B,Hu-295,Human
Subject B,Hu-296,Human
Subject B,Hu-297,Human
Subject B,Hu-298,Human
Subject B,Hu-299,Human
Subject B,Hu-300,Human
Subject B,Hu-301,Human
Subject B,Hu-302,Human
Subject B,Hu-303,Human
Subject B,Hu-304,Human
Subject B,Hu-306,Human
Subject B,Hu-307,Human
Subject B,Hu-308,Human
Subject B,Hu-309,Human
Subject B,Hu-353,Human
Subject B,Hu-354,Human
Subject B,Hu-355,Human
Subject B,Hu-356,Human
Subject B,Hu-357,Human
Subject B,Hu-359,Human
Subject B,Hu-360,Human
Subject B,Hu-361,Human
Subject B,Hu-362,Human
Subject B,Hu-363,Human
Subject B,Hu-364,Human
Subject B,Hu-365,Human
Subject B,Hu-366,Human
Subject B,Hu-367,Human
Subject B,Hu-368,Human
Subject B,Hu-369,Human
Subject B,Hu-370,Human
Subject B,Hu-371,Human
Subject B,Hu-372,Human
Subject B,Hu-373,Human
Subject B,Hu-374,Human
Subject B,Hu-375,Human
Subject B,Hu-376,Human
Subject B,Hu-378,Human
Subject B,Hu-379,Human
Subject B,Hu-380,Human
Subject B,Hu-381,Human
Subject B,Hu-496,Human
Subject B,Hu-497,Human
Subject B,Hu-498,Human
Subject B,Hu-499,Human
Subject B,Hu-500,Human
Subject B,Hu-501,Human
Subject B,Hu-502,Human
Subject B,Hu-503,Human
Subject B,Hu-504,Human
Subject B,Hu-505,Human
Subject B,Hu-506,Human
Subject B,Hu-507,Human
Subject B,Hu-800,Human
Subject B,Hu-801,Human
Subject B,Hu-802,Human
Subject B,Hu-803,Human
Subject B,Hu-804,Human
Subject B,Hu-805,Human
Subject B,Hu-806,Human
Subject B,Hu-807,Human
Subject B,Hu-808,Human
Subject B,Hu-809,Human
Subject B,Hu-810,Human
Subject B,Hu-811,Human
Subject B,Hu-812,Human
Subject B,Hu-813,Human
Subject B,Hu-814,Human
Subject B,Hu-815,Human
Subject B,Hu-816,Human
Subject B,Hu-817,Human
Subject B,Hu-818,Human
Subject B,Hu-819,Human
Subject B,Hu-820,Human
Subject B,Hu-821,Human
Subject B,Hu-822,Human
Subject B,Hu-823,Human
Subject B,Hu-824,Human
Subject B,Hu-825,Human
Subject B,Hu-826,Human
Subject B,Hu-827,Human
Subject B,Hu-828,Human
Subject B,Hu-829,Human
Subject B,Hu-830,Human
Subject B,Hu-831,Human
Subject B,Hu-832,Human
Subject B,Hu-833,Human
Subject B,Hu-834,Human
Subject B,Hu-835,Human
Subject B,Hu-836,Human
Subject B,Hu-837,Human
Subject B,Hu-838,Human
Subject B,Hu-839,Human
Subject B,Hu-840,Human
Subject B,Hu-841,Human
Subject B,Hu-842,Human
Subject B,Hu-843,Human
Subject B,Hu-844,Human
Subject B,Hu-845,Human
Subject B,Hu-846,Human
Subject B,Hu-847,Human
Subject B,Hu-848,Human
Subject B,Hu-849,Human
Subject B,Hu-850,Human
Subject B,Hu-851,Human
Subject B,Hu-852,Human
Subject B,Hu-853,Human
Subject B,Hu-854,Human
Subject B,Hu-855,Human
Subject B,Hu-856,Human
Subject B,Hu-857,Human
Subject B,Hu-858,Human
Subject B,Hu-859,Human
Subject B,Hu-860,Human
Subject B,Hu-861,Human
Subject B,Hu-862,Human
Subject B,Hu-863,Human
Subject B,Hu-864,Human
Subject B,Hu-865,Human
Subject B,Hu-866,Human
Subject B,Hu-867,Human
Subject B,Hu-868,Human
Subject B,Hu-869,Human
Subject B,Hu-870,Human
Subject B,Hu-871,Human
Subject B,Hu-872,Human
Subject B,Hu-873,Human
Subject B,Hu-874,Human
Subject B,Hu-875,Human
Subject B,Hu-876,Human
Subject B,Hu-877,Human
Subject B,Hu-878,Human
Subject B,Hu-879,Human
Subject B,Hu-880,Human
Subject B,Hu-881,Human
Subject B,Hu-882,Human
Subject B,Hu-883,Human
Subject B,Hu-884,Human
Subject B,Hu-885,Human
Subject B,Hu-886,Human
Subject B,Hu-887,Human
Subject B,Hu-888,Human
Subject B,Hu-889,Human
Subject B,Hu-890,Human
Subject B,Hu-891,Human
Subject B,Hu-892,Human
Subject B,Hu-893,Human
Subject B,Hu-894,Human
Subject B,Hu-895,Human
Subject B,Hu-896,Human
Subject B,Hu-897,Human
Subject B,Hu-898,Human
Subject B,Hu-899,Human
Subject B,Hu-906,Human
Subject B,Hu-907,Human
Subject B,Hu-908,Human
Subject B,Hu-909,Human
Subject B,Hu-910,Human
Subject B,Hu-911,Human
Subject B,Hu-912,Human
Subject B,Hu-913,Human
Subject B,Hu-914,Human
Subject B,Hu-915,Human
Subject C,Hu-1030,Human
Subject C,Hu-1031,Human
Subject C,Hu-1032,Human
Subject C,Hu-1033,Human
Subject C,Hu-1034,Human
Subject C,Hu-1035,Human
Subject C,Hu-1036,Human
Subject C,Hu-1037,Human
Subject C,Hu-1038,Human
Subject C,Hu-1039,Human
Subject C,Hu-1040,Human
Subject C,Hu-1041,Human
Subject C,Hu-1042,Human
Subject C,Hu-1043,Human
Subject C,Hu-1044,Human
Subject C,Hu-1298,Human
Subject C,Hu-1299,Human
Subject C,Hu-1300,Human
Subject C,Hu-1301,Human
Subject C,Hu-1302,Human
Subject C,Hu-1303,Human
Subject C,Hu-1304,Human
Subject C,Hu-1305,Human
Subject C,Hu-1306,Human
Subject C,Hu-1307,Human
Subject C,Hu-1308,Human
Subject C,Hu-1309,Human
Subject C,Hu-1310,Human
Subject C,Hu-1311,Human
Subject C,Hu-1327,Human
Subject C,Hu-1328,Human
Subject C,Hu-1329,Human
Subject C,Hu-1330,Human
Subject C,Hu-1331,Human
Subject C,Hu-1332,Human
Subject C,Hu-1333,Human
Subject C,Hu-1334,Human
Subject C,Hu-1335,Human
Subject C,Hu-1336,Human
Subject C,Hu-1337,Human
Subject C,Hu-1338,Human
Subject C,Hu-1339,Human
Subject C,Hu-1340,Human
Subject C,Hu-1341,Human
Subject C,Hu-1342,Human
Subject C,Hu-1343,Human
Subject C,Hu-1344,Human
Subject C,Hu-1345,Human
Subject C,Hu-1346,Human
Subject C,Hu-1350,Human
Subject C,Hu-1352,Human
Subject C,Hu-1375,Human
Subject C,Hu-1376,Human
Subject C,Hu-1377,Human
Subject C,Hu-1378,Human
Subject C,Hu-1379,Human
Subject C,Hu-1380,Human
Subject C,Hu-1381,Human
Subject C,Hu-1382,Human
Subject C,Hu-1383,Human
Subject C,Hu-1384,Human
Subject C,Hu-1385,Human
Subject C,Hu-1386,Human
Subject C,Hu-1387,Human
Subject C,Hu-1388,Human
Subject C,Hu-1389,Human
Subject C,Hu-1390,Human
Subject C,Hu-1391,Human
Subject C,Hu-1392,Human
Subject C,Hu-1393,Human
Subject C,Hu-1394,Human
Subject C,Hu-1395,Human
Subject C,Hu-1396,Human
Subject C,Hu-1397,Human
Subject C,Hu-1398,Human
Subject C,Hu-1399,Human
Subject C,Hu-1400,Human
Subject C,Hu-1401,Human
Subject C,Hu-1402,Human
Subject C,Hu-1403,Human
Subject C,Hu-1404,Human
Subject C,Hu-1405,Human
Subject C,Hu-1406,Human
Subject C,Hu-1407,Human
Subject C,Hu-1408,Human
Subject C,Hu-1409,Human
Subject C,Hu-1410,Human
Subject C,Hu-1411,Human
Subject C,Hu-1412,Human
Subject C,Hu-1413,Human
Subject C,Hu-1414,Human
Subject C,Hu-1415,Human
Subject C,Hu-1416,Human
Subject C,Hu-1417,Human
Subject C,Hu-1418,Human
Subject C,Hu-1419,Human
Subject C,Hu-1420,Human
Subject C,Hu-1421,Human
Subject C,Hu-1422,Human
Subject C,Hu-1423,Human
Subject C,Hu-1424,Human
Subject C,Hu-1425,Human
Subject C,Hu-265,Human
Subject C,Hu-266,Human
Subject C,Hu-267,Human
Subject C,Hu-268,Human
Subject C,Hu-269,Human
Subject C,Hu-270,Human
Subject C,Hu-271,Human
Subject C,Hu-272,Human
Subject C,Hu-273,Human
Subject C,Hu-274,Human
Subject C,Hu-275,Human
Subject C,Hu-276,Human
Subject C,Hu-277,Human
Subject C,Hu-278,Human
Subject C,Hu-279,Human
Subject C,Hu-280,Human
Subject C,Hu-281,Human
Subject C,Hu-282,Human
Subject C,Hu-283,Human
Subject C,Hu-284,Human
Subject C,Hu-285,Human
Subject C,Hu-286,Human
Subject C,Hu-287,Human
Subject C,Hu-288,Human
Subject C,Hu-289,Human
Subject C,Hu-290,Human
Subject C,Hu-291,Human
Subject C,Hu-292,Human
Subject C,Hu-293,Human
Subject C,Hu-294,Human
Subject C,Hu-323,Human
Subject C,Hu-324,Human
Subject C,Hu-325,Human
Subject C,Hu-326,Human
Subject C,Hu-327,Human
Subject C,Hu-328,Human
Subject C,Hu-329,Human
Subject C,Hu-330,Human
Subject C,Hu-331,Human
Subject C,Hu-332,Human
Subject C,Hu-333,Human
Subject C,Hu-334,Human
Subject C,Hu-335,Human
Subject C,Hu-336,Human
Subject C,Hu-337,Human
Subject C,Hu-382,Human
Subject C,Hu-383,Human
Subject C,Hu-384,Human
Subject C,Hu-385,Human
Subject C,Hu-386,Human
Subject C,Hu-387,Human
Subject C,Hu-388,Human
Subject C,Hu-389,Human
Subject C,Hu-390,Human
Subject C,Hu-391,Human
Subject C,Hu-392,Human
Subject C,Hu-393,Human
Subject C,Hu-394,Human
Subject C,Hu-395,Human
Subject C,Hu-396,Human
Subject C,Hu-397,Human
Subject C,Hu-398,Human
Subject C,Hu-399,Human
Subject C,Hu-400,Human
Subject C,Hu-401,Human
Subject C,Hu-402,Human
Subject C,Hu-403,Human
Subject C,Hu-404,Human
Subject C,Hu-405,Human
Subject C,Hu-406,Human
Subject C,Hu-407,Human
Subject C,Hu-408,Human
Subject C,Hu-409,Human
Subject C,Hu-410,Human
Subject C,Hu-411,Human
Subject C,Hu-412,Human
Subject C,Hu-413,Human
Subject C,Hu-414,Human
Subject C,Hu-415,Human
Subject C,Hu-416,Human
Subject C,Hu-417,Human
Subject C,Hu-418,Human
Subject C,Hu-419,Human
Subject C,Hu-420,Human
Subject C,Hu-421,Human
Subject C,Hu-422,Human
Subject C,Hu-423,Human
Subject C,Hu-424,Human
Subject C,Hu-425,Human
Subject C,Hu-426,Human
Subject C,Hu-427,Human
Subject C,Hu-428,Human
Subject C,Hu-429,Human
Subject C,Hu-430,Human
Subject C,Hu-431,Human
Subject C,Hu-432,Human
Subject C,Hu-433,Human
Subject C,Hu-434,Human
Subject C,Hu-435,Human
Subject C,Hu-436,Human
Subject C,Hu-437,Human
Subject C,Hu-438,Human
Subject C,Hu-439,Human
Subject C,Hu-440,Human
Subject C,Hu-441,Human
Subject C,Hu-442,Human
Subject C,Hu-443,Human
Subject C,Hu-444,Human
Subject C,Hu-445,Human
Subject C,Hu-446,Human
Subject C,Hu-447,Human
Subject C,Hu-448,Human
Subject C,Hu-449,Human
Subject C,Hu-450,Human
Subject C,Hu-451,Human
Subject C,Hu-452,Human
Subject C,Hu-453,Human
Subject C,Hu-454,Human
Subject C,Hu-455,Human
Subject C,Hu-456,Human
Subject C,Hu-457,Human
Subject C,Hu-458,Human
Subject C,Hu-459,Human
Subject C,Hu-460,Human
Subject C,Hu-461,Human
Subject C,Hu-462,Human
Subject C,Hu-463,Human
Subject C,Hu-464,Human
Subject C,Hu-481,Human
Subject C,Hu-932,Human
Subject C,Hu-933,Human
Subject C,Hu-934,Human
Subject C,Hu-935,Human
Subject C,Hu-936,Human
Subject C,Hu-937,Human
Subject C,Hu-938,Human
Subject C,Hu-939,Human
Subject C,Hu-940,Human
Subject C,Hu-941,Human
Subject C,Hu-942,Human
Subject C,Hu-943,Human
Subject C,Hu-944,Human
Subject C,Hu-945,Human
Subject C,Hu-946,Human
Subject C,Hu-947,Human
Subject C,Hu-948,Human
Subject C,Hu-949,Human
Subject C,Hu-950,Human
Subject C,Hu-951,Human
Subject C,Hu-952,Human
Subject C,Hu-953,Human
Subject C,Hu-954,Human
Subject C,Hu-955,Human
Subject C,Hu-956,Human
Subject C,Hu-957,Human
Subject C,Hu-959,Human
Subject C,Hu-960,Human
Subject C,Hu-961,Human
Subject C,Hu-962,Human
Subject C,Hu-963,Human
Subject C,Hu-964,Human
Subject C,Hu-965,Human
Subject C,Hu-966,Human
Subject C,Hu-967,Human
Subject C,Hu-970,Human
Subject C,Hu-971,Human
Subject C,Hu-972,Human
Subject C,Hu-973,Human
Subject C,Hu-974,Human
Subject C,Hu-975,Human
Subject C,Hu-976,Human
Subject C,Hu-977,Human
Subject C,Hu-978,Human
Subject C,Hu-979,Human
Subject C,Hu-980,Human
Subject C,Hu-981,Human
Subject C,Hu-982,Human
Subject C,Hu-983,Human
Subject C,Hu-984,Human
Subject C,Hu-985,Human
Subject C,Hu-986,Human
Subject C,Hu-987,Human
Subject C,Hu-988,Human
Subject C,Hu-989,Human
Subject C,Hu-990,Human
Subject C,Hu-993,Human
Subject C,Hu-994,Human
Subject C,Hu-996,Human
Subject J,Hu-1932,Human
Subject J,Hu-1933,Human
Subject J,Hu-1934,Human
Subject J,Hu-1935,Human
Subject J,Hu-1936,Human
Subject J,Hu-1937,Human
Subject J,Hu-1938,Human
Subject J,Hu-1939,Human
Subject J,Hu-1940,Human
Subject J,Hu-1941,Human
Subject J,Hu-1942,Human
Subject J,Hu-1943,Human
Subject J,Hu-1944,Human
Subject J,Hu-1945,Human
Subject J,Hu-1946,Human
Subject J,Hu-1947,Human
Subject J,Hu-1948,Human
Subject J,Hu-1949,Human
Subject J,Hu-1950,Human
Subject J,Hu-1951,Human
Subject J,Hu-1952,Human
Subject J,Hu-1953,Human
Subject J,Hu-1954,Human
Subject J,Hu-1955,Human
Subject J,Hu-1956,Human
Subject J,Hu-1957,Human
Subject J,Hu-1958,Human
Subject J,Hu-1959,Human
Subject J,Hu-1960,Human
Subject J,Hu-1961,Human
Subject J,Hu-1962,Human
Subject J,Hu-1963,Human
Subject J,Hu-1964,Human
Subject J,Hu-1965,Human
Subject J,Hu-1966,Human
Subject J,Hu-1967,Human
Subject J,Hu-1968,Human
Subject J,Hu-1969,Human
Subject J,Hu-1970,Human
Subject J,Hu-1971,Human
Subject J,Hu-1972,Human
Subject J,Hu-1973,Human
Subject J,Hu-1974,Human
Subject J,Hu-1975,Human
Subject J,Hu-1976,Human
Subject J,Hu-1977,Human
Subject J,Hu-1978,Human
Subject J,Hu-1979,Human
Subject J,Hu-1980,Human
Subject J,Hu-1981,Human
Subject J,Hu-1982,Human
Subject J,Hu-1983,Human
Subject J,Hu-1984,Human
Subject J,Hu-1985,Human
Subject J,Hu-2039,Human
Subject J,Hu-2040,Human
Subject J,Hu-2041,Human
Subject J,Hu-2042,Human
Subject J,Hu-2043,Human
Subject J,Hu-2044,Human
Subject J,Hu-2045,Human
Subject J,Hu-2046,Human
Subject J,Hu-2047,Human
Subject J,Hu-2048,Human
Subject J,Hu-2049,Human
Subject J,Hu-2050,Human
Subject J,Hu-2051,Human
Subject J,Hu-2052,Human
Subject J,Hu-2053,Human
Subject J,Hu-2054,Human
Subject J,Hu-2055,Human
Subject J,Hu-2056,Human
Subject J,Hu-2057,Human
Subject J,Hu-2058,Human
Subject J,Hu-2059,Human
Subject J,Hu-2060,Human
Subject J,Hu-2061,Human
Subject J,Hu-2062,Human
Subject J,Hu-2063,Human
Subject J,Hu-2064,Human
Subject J,Hu-2065,Human
Subject J,Hu-2066,Human
Subject J,Hu-2067,Human
Subject J,Hu-2068,Human
Subject J,Hu-2069,Human
Subject J,Hu-2070,Human
Subject J,Hu-2071,Human
Subject J,Hu-2072,Human
Subject J,Hu-2073,Human
Subject J,Hu-2074,Human
Subject J,Hu-2075,Human
Subject J,Hu-2076,Human
Subject J,Hu-2077,Human
Subject J,Hu-2078,Human
Subject J,Hu-2079,Human
Subject J,Hu-2080,Human
Subject J,Hu-2081,Human
Subject J,Hu-2082,Human
Subject J,Hu-2083,Human
Subject J,Hu-2084,Human
Subject J,Hu-2085,Human
Subject J,Hu-2086,Human
Subject J,Hu-2087,Human
Subject J,Hu-2088,Human
Subject J,Hu-2089,Human
Subject J,Hu-2090,Human
Subject J,Hu-2091,Human
Subject J,Hu-2092,Human
Subject J,Hu-2093,Human
Subject J,Hu-2094,Human
Subject J,Hu-2095,Human
Subject J,Hu-2096,Human
Subject J,Hu-2097,Human
Subject J,Hu-2098,Human
Subject J,Hu-2099,Human
Subject J,Hu-2100,Human
Subject J,Hu-2101,Human
Subject J,Hu-2102,Human
Subject J,Hu-2103,Human
Subject J,Hu-2104,Human
Subject J,Hu-2105,Human
Subject J,Hu-2106,Human
Subject J,Hu-2107,Human
Subject J,Hu-2108,Human
Subject J,Hu-2109,Human
Subject J,Hu-2110,Human
Subject J,Hu-2111,Human
Subject J,Hu-2112,Human
Subject J,Hu-2113,Human
Subject J,Hu-2114,Human
Subject J,Hu-2115,Human
Subject J,Hu-2116,Human
Subject J,Hu-2117,Human
Subject J,Hu-2118,Human
Subject J,Hu-2119,Human
Subject J,Hu-2120,Human
Subject J,Hu-2121,Human
Subject J,Hu-2122,Human
Subject J,Hu-2123,Human
Subject J,Hu-2124,Human
Subject J,Hu-2125,Human
Subject J,Hu-2126,Human
Subject J,Hu-2127,Human
Subject J,Hu-2128,Human
Subject J,Hu-2129,Human
Subject J,Hu-2130,Human
Subject J,Hu-2131,Human
Subject J,Hu-2132,Human
Subject J,Hu-2133,Human
Subject J,Hu-2134,Human
Subject J,Hu-2135,Human
Subject J,Hu-2136,Human
Subject J,Hu-2137,Human
Subject J,Hu-2138,Human
Subject J,Hu-2139,Human
Subject J,Hu-2140,Human
Subject J,Hu-2141,Human
Subject J,Hu-2142,Human
Subject J,Hu-2143,Human
Subject J,Hu-2144,Human
Subject J,Hu-2145,Human
Subject S,Hu-1986,Human
Subject S,Hu-1987,Human
Subject S,Hu-1988,Human
Subject S,Hu-1989,Human
Subject S,Hu-1990,Human
Subject S,Hu-1991,Human
Subject S,Hu-1992,Human
Subject S,Hu-1993,Human
Subject S,Hu-1994,Human
Subject S,Hu-1995,Human
Subject S,Hu-1996,Human
Subject S,Hu-1997,Human
Subject S,Hu-1998,Human
Subject S,Hu-1999,Human
Subject S,Hu-2000,Human
Subject S,Hu-2001,Human
Subject S,Hu-2002,Human
Subject S,Hu-2003,Human
Subject S,Hu-2004,Human
Subject S,Hu-2005,Human
Subject S,Hu-2006,Human
Subject S,Hu-2007,Human
Subject S,Hu-2008,Human
Subject S,Hu-2009,Human
Subject S,Hu-2010,Human
Subject S,Hu-2011,Human
Subject S,Hu-2012,Human
Subject S,Hu-2013,Human
Subject S,Hu-2014,Human
Subject S,Hu-2015,Human
Subject S,Hu-2016,Human
Subject S,Hu-2017,Human
Subject S,Hu-2018,Human
Subject S,Hu-2019,Human
Subject S,Hu-2020,Human
Subject S,Hu-2021,Human
Subject S,Hu-2022,Human
Subject S,Hu-2023,Human
Subject S,Hu-2024,Human
Subject S,Hu-2025,Human
Subject S,Hu-2026,Human
Subject S,Hu-2027,Human
Subject S,Hu-2028,Human
Subject S,Hu-2029,Human
Subject S,Hu-2030,Human
Subject S,Hu-2031,Human
Subject S,Hu-2032,Human
Subject S,Hu-2033,Human
Subject S,Hu-2034,Human
Subject S,Hu-2035,Human
Subject S,Hu-2036,Human
Subject S,Hu-2037,Human
Subject S,Hu-2038,Human
Subject U,Hu-1911,Human
Subject U,Hu-1912,Human
Subject U,Hu-1913,Human
Subject U,Hu-1914,Human
Subject U,Hu-1915,Human
Subject U,Hu-1916,Human
Subject U,Hu-1917,Human
Subject U,Hu-1918,Human
Subject U,Hu-1919,Human
Subject U,Hu-1920,Human
Subject U,Hu-1921,Human
Subject U,Hu-1922,Human
Subject U,Hu-1923,Human
Subject U,Hu-1924,Human
Subject U,Hu-1925,Human
Subject U,Hu-1926,Human
Subject U,Hu-1927,Human
Subject U,Hu-1928,Human
Subject U,Hu-1929,Human
Subject U,Hu-1930,Human
Subject U,Hu-1931,Human
Taco 1-4,Dg-103,Dog
tag13,Sw-015,Pig
tag13,Sw-016,Pig
tag18,Sw-023,Pig
tag18,Sw-024,Pig
tag 21,Sw-010,Pig
tag 21,Sw-011,Pig
tag 21,Sw-012,Pig
tag 23,Sw-001,Pig
tag 23,Sw-002,Pig
tag 28,Sw-003,Pig
tag 28,Sw-004,Pig
tag 28,Sw-005,Pig
tag31,Sw-013,Pig
tag31,Sw-014,Pig
tag33,Sw-017,Pig
tag33,Sw-018,Pig
tag34,Sw-019,Pig
tag34,Sw-020,Pig
tag35,Sw-021,Pig
tag35,Sw-022,Pig
tag 38,Sw-008,Pig
tag 38,Sw-009,Pig
tag 41,Sw-006,Pig
tag 41,Sw-007,Pig
Trix,Dg-131,Dog
Trix,Dg-132,Dog
Trix,Dg-133,Dog
Trix,Dg-134,Dog
 unk,Hu-001,Human
 unk,Hu-002,Human
 unk,Hu-003,Human
 unk,Hu-004,Human
 unk,Hu-005,Human
 unk,Hu-006,Human
 unk,Hu-007,Human
 unk,Hu-008,Human
 unk,Hu-009,Human
 unk,Hu-010,Human
 unk,Hu-011,Human
 unk,Hu-012,Human
 unk,Hu-013,Human
 unk,Hu-014,Human
 unk,Hu-015,Human
 unk,Hu-016,Human
 unk,Hu-017,Human
 unk,Hu-018,Human
 unk,Hu-019,Human
 unk,Hu-020,Human
unknown,Ts-001,unknown
unknown,Ts-002,unknown
unknown,Ts-004,unknown
unknown,Ts-005,unknown
unknown,Ts-006,unknown
unknown,Ts-007,unknown
unknown,Ts-008,unknown
unknown,Ts-009,unknown
unknown,Ts-010,unknown
unknown,Ts-011,unknown
unknown,Ts-012,unknown
UTI89,UTI89,Human
WL10,Av-100,Pelican
WL10,Av-101,Pelican
WL10,Av-102,Pelican
WL10,Av-103,Pelican
WL-11,Op-009,Opossum
WL-11,Op-010,Opossum
WL-11,Op-011,Opossum
WL-11,Op-012,Opossum
WL13,Av-104,American Kestrel
WL13,Av-106,American Kestrel
WL13,Av-107,American Kestrel
WL13,Ct-098,Bobcat
WL13,Ct-099,Bobcat
WL13,Ct-100,Bobcat
WL13,Ct-101,Bobcat
WL14,Av-108,Golden Eagle
WL14,Av-109,Golden Eagle
WL14,Av-111,Golden Eagle
WL15,Av-112,Red Tailed Hawk
WL15,Av-113,Red Tailed Hawk
WL15,Av-114,Red Tailed Hawk
WL16,Av-118,Red Shoulder Hawk
WL16,Av-119,Red Shoulder Hawk
WL19,Av-130,Common Loon
WL19,Av-131,Common Loon
WL1,Br-002,Bear
WL1,Br-003,Bear
WL1,Br-004,Bear
WL1,Br-007,Bear
WL1,Br-009,Bear
WL1,Br-010,Bear
WL-1,Ct-066,Mountain Lion
WL-1,Ct-067,Mountain Lion
WL-1,Ct-068,Mountain Lion
WL-1,Ct-069,Mountain Lion
WL20,Av-132,Red Throated Loon
WL20,Av-133,Red Throated Loon
WL21,Av-134,Common Murre
WL21,Av-135,Common Murre
WL22,Tk-073,Wild Turkey
WL22,Tk-074,Wild Turkey
WL22,Tk-075,Wild Turkey
WL23,Mm-013,Sea Otter
WL23,Mm-014,Sea Otter
WL24,Mm-015,Sea Otter
WL24,Mm-016,Sea Otter
WL24,Mm-017,Sea Otter
WL24,Mm-018,Sea Otter
WL25,Mm-019,Sea Otter
WL25,Mm-020,Sea Otter
WL25,Mm-021,Sea Otter
WL25,Mm-022,Sea Otter
WL-2,Ct-070,Mountain Lion
WL-2,Ct-071,Mountain Lion
WL-2,Ct-072,Mountain Lion
WL-2,Ct-073,Mountain Lion
WL-2,Ct-074,Mountain Lion
WL-2,Ct-075,Mountain Lion
WL-2,Ct-076,Mountain Lion
WL-2,Ct-077,Mountain Lion
WL-3,Ct-078,Mountain Lion
WL-3,Ct-079,Mountain Lion
WL-3,Ct-080,Mountain Lion
WL-3,Ct-081,Mountain Lion
WL-3,Ct-082,Mountain Lion
WL-3,Ct-083,Mountain Lion
WL-3,Ct-084,Mountain Lion
WL-3,Ct-085,Mountain Lion
WL-3,Ct-086,Mountain Lion
WL-3,Ct-087,Mountain Lion
WL-3,Ct-088,Mountain Lion
WL-3,Ct-089,Mountain Lion
WL-5,Dg-030,Coyote
WL-5,Dg-031,Coyote
WL-5,Dg-033,Coyote
WL-6,Ct-090,Mountain Lion
WL-6,Ct-091,Mountain Lion
WL-6,Ct-092,Mountain Lion
WL-6,Ct-093,Mountain Lion
WL-7,Ct-094,Mountain Lion
WL-7,Ct-095,Mountain Lion
WL-7,Ct-096,Mountain Lion
WL-7,Ct-097,Mountain Lion
WL-8,Dg-034,Grey Fox
WL-8,Dg-035,Grey Fox
WL-8,Dg-036,Grey Fox
WL-8,Dg-037,Grey Fox
WL-9,Rb-001,Rabbit
WL-9,Rb-002,Rabbit
WL-9,Rb-003,Rabbit
WL-9,Rb-004,Rabbit
Zinger,Dg-151,Dog
Zinger,Dg-152,Dog
Zinger,Dg-153,Dog
Zinger,Dg-154,Dog
